15155004,17 Jennings Ct, San Francisco,CA,94124,3,2.0,1642,786698,3,"[1.2350507709665288, 0.60373816713927764]"
2097585255,2315 Lake St, San Francisco,CA,94121,0,0.0,2847,1537121,2,"[2.1414065438134635, 1.1796376947841403]"
96034546,1327 7th Ave APT 6, San Francisco,CA,94122,1,1.5,1134,1102865,3,"[0.85295223768333961, 0.84637522111669206]"
15081928,3002 Clay St, San Francisco,CA,94115,3,2.0,2032,2202306,4,"[1.5283941331327566, 1.690122750941065]"
69819129,10 Mint Plz # 1, San Francisco,CA,94103,1,2.0,1559,2275700,4,"[1.1726212861978187, 1.7464477435545203]"
2097586438,4014 25th St, San Francisco,CA,94114,2,1.0,0,1537121,1,"[0.0, 1.1796376947841403]"
2097586740,2558 Mission St # 312, San Francisco,CA,94110,1,1.0,0,1537121,1,"[0.0, 1.1796376947841403]"
2130220123,324 Connecticut St, San Francisco,CA,94107,0,0.0,4810,3522931,0,"[3.6179014667168108, 2.7036142266767453]"
2099430832,Residence G2 Plan, Summit 800 San Francisco,CA,94132,3,2.5,1850,1423242,3,"[1.3915005641218503, 1.0922431688851881]"
69819957,1751 Lake St, San Francisco,CA,94121,5,4.0,6027,5690446,0,"[4.5332831891688601, 4.367037208998922]"
15179593,21 Byron Ct, San Francisco,CA,94112,5,3.0,2242,719684,3,"[1.6863482512222641, 0.55230939837073934]"
83153449,177 Townsend St UNIT 531, San Francisco,CA,94107,0,1.0,484,628276,1,"[0.36404663407295973, 0.48215986401083616]"
15076178,1450 Post St APT 302, San Francisco,CA,94109,1,1.0,540,486647,1,"[0.40616773223016173, 0.3734690666861083]"
111925735,830 York St, San Francisco,CA,94110,2,1.0,998,951717,1,"[0.7506581421587063, 0.73037922711801972]"
2097587189,484 Belvedere St, San Francisco,CA,94117,2,1.0,1137,1537121,3,"[0.8552087250846182, 1.1796376947841403]"
15133564,245 Fowler Ave, San Francisco,CA,94127,3,3.0,1736,1257516,3,"[1.3057540428732606, 0.96505953363084163]"
2097588061,191 Brewster St, San Francisco,CA,94110,4,3.5,0,1537121,1,"[0.0, 1.1796376947841403]"
89238613,338 Spear St UNIT 31A, San Francisco,CA,94105,2,2.0,1274,2358191,4,"[0.95825498307634449, 1.8097540760296076]"
15088141,482 Belvedere St, San Francisco,CA,94117,0,0.0,2274,1746529,2,"[1.7104174501692364, 1.3403443472788736]"
80738489,855 Folsom St APT 502, San Francisco,CA,94107,1,1.0,722,362583,1,"[0.54306130124106811, 0.2782582335989931]"
15132399,200 Dellbrook Ave, San Francisco,CA,94131,3,2.0,937,1159063,1,"[0.70477623166603987, 0.88950343234500728]"
80732333,370 De Haro St # B14, San Francisco,CA,94103,1,2.0,1180,1124049,3,"[0.88755171116961262, 0.86263252612150765]"
15120375,2374 20th Ave, San Francisco,CA,94116,3,1.0,1250,1090360,3,"[0.94020308386611506, 0.83677846889401364]"
2097589296,1788 Clay St APT 803, San Francisco,CA,94109,2,2.0,1235,1537121,3,"[0.92892064685972164, 1.1796376947841403]"
15133376,100 Woodside Ave, San Francisco,CA,94127,2,1.0,1285,1312568,3,"[0.96652877021436623, 1.0073082664067625]"
2097592385,160 Julian Ave APT 2, San Francisco,CA,94103,1,1.0,0,1537121,1,"[0.0, 1.1796376947841403]"
2125071832,150 Lombard St APT 403, San Francisco,CA,94111,2,2.0,1400,1139009,3,"[1.0530274539300488, 0.87411332686131327]"
15137614,21 Brentwood Ave, San Francisco,CA,94127,4,5.0,2548,1665641,2,"[1.916509966152689, 1.278268210230652]"
15189321,342 Faxon Ave, San Francisco,CA,94112,2,1.0,1500,923062,3,"[1.128243700639338, 0.70838842864214202]"
2097592787,160 Julian Ave APT 1, San Francisco,CA,94103,0,1.0,0,1537121,1,"[0.0, 1.1796376947841403]"
79845400,555 4th St UNIT 632, San Francisco,CA,94107,1,1.0,720,763561,1,"[0.54155697630688227, 0.58598206508601003]"
2097593461,2 Mint Plz # 802/4, San Francisco,CA,94103,2,2.0,2653,1537121,2,"[1.9954870251974426, 1.1796376947841403]"
2107753907,86 John St, San Francisco,CA,94133,1,1.0,0,1120297,1,"[0.0, 0.85975311673810184]"
15175811,260 Santos St, San Francisco,CA,94134,2,1.0,1019,576055,1,"[0.76645355396765702, 0.4420837346369465]"
15127720,4532 17th St, San Francisco,CA,94114,3,3.0,2800,2623677,2,"[2.1060549078600976, 2.0134968477681126]"
2097595508,985 Greenwich St, San Francisco,CA,94133,0,0.0,4660,2627540,2,"[3.5050770966528768, 2.0164614422372211]"
2098324439,750 Andover St, San Francisco,CA,94110,3,2.0,1508,1678589,3,"[1.1342610003760811, 1.2882049353629383]"
15140675,10 Homewood Ct, San Francisco,CA,94112,3,2.0,1300,1308118,3,"[0.97781120722075965, 1.0038931886465932]"
2097595892,821 Taraval St APT B, San Francisco,CA,94116,3,2.0,0,938309,1,"[0.0, 0.72008948271164852]"
15161183,114-116 Coleridge St, San Francisco,CA,94110,0,0.0,0,1441361,1,"[0.0, 1.1061482911181117]"
15163000,63 Bronte St, San Francisco,CA,94110,2,1.0,1025,989455,1,"[0.77096652877021432, 0.75934062139066572]"
15182628,160-162 28TH St, San Francisco,CA,94131,3,2.0,1317,1653085,3,"[0.9905979691613388, 1.2686323189145425]"
2097596652,4839-4841 Mission St, San Francisco,CA,94112,2,1.0,1925,978587,3,"[1.4479127491538173, 0.75100015732380687]"
15170703,712 Brazil Ave, San Francisco,CA,94112,4,2.0,1895,862419,3,"[1.4253478751410305, 0.66184897681968002]"
15138409,627 Mangels Ave, San Francisco,CA,94127,1,1.0,975,937341,1,"[0.73335840541556974, 0.71934660736966105]"
15084079,164 Terra Vista Ave, San Francisco,CA,94115,3,3.0,2600,1824766,2,"[1.9556224144415193, 1.4003860189018797]"
2097597939,2401 45th Ave APT 3, San Francisco,CA,94116,2,1.0,0,449991,1,"[0.0, 0.34533803514076644]"
2097597938,1690 Grove St, San Francisco,CA,94117,0,0.0,9375,5259597,0,"[7.0515231289958633, 4.0363893802593154]"
15125805,2729 34th Ave, San Francisco,CA,94116,3,3.0,1470,1287405,3,"[1.1056788266265514, 0.98799734468111233]"
15178003,39 Naylor St, San Francisco,CA,94112,5,4.0,3030,1282886,2,"[2.279052275291463, 0.98452931402983013]"
15184786,60 College Ave, San Francisco,CA,94112,3,4.0,1620,1100651,3,"[1.2185031966904851, 0.84467612400185721]"
15184331,16 Richland Ave, San Francisco,CA,94110,1,1.0,608,659109,1,"[0.45731477999247838, 0.50582213200618553]"
15073318,2410 Pacific Ave APT 4, San Francisco,CA,94115,1,1.0,862,634375,1,"[0.64836404663407299, 0.48684043912527963]"
15149759,537 Wisconsin St, San Francisco,CA,94107,2,2.0,0,1152355,1,"[0.0, 0.88435549040900352]"
54854616,3379 22nd St, San Francisco,CA,94110,4,3.0,2170,1516735,2,"[1.6321925535915758, 1.1639928014765415]"
15185656,121 Chilton Ave, San Francisco,CA,94131,2,1.0,1439,1250308,3,"[1.0823617901466716, 0.95952787509257165]"
61325135,28 Ashbury St, San Francisco,CA,94117,2,2.0,1585,1376092,3,"[1.1921775103422338, 1.0560586932914826]"
15134850,500 Myra Way, San Francisco,CA,94127,3,2.0,1306,975985,3,"[0.98232418202331706, 0.74900329612561345]"
15063958,152 Lombard St APT 507G, San Francisco,CA,94111,2,2.0,1146,1121845,3,"[0.86197818728845432, 0.86094110333871809]"
15182958,374 Valley St, San Francisco,CA,94131,3,2.0,1742,1113401,3,"[1.310267017675818, 0.85446089735964603]"
2097607936,432 Laurel St, San Francisco,CA,94118,2,2.0,0,1606207,1,"[0.0, 1.2326565851524698]"
2097608228,Unit B Plan, 72 Townsend San Francisco,CA,94107,1,1.0,900,995825,1,"[0.67694622038360286, 0.76422917090353748]"
2097608227,Unit E Plan, 72 Townsend San Francisco,CA,94107,1,1.0,632,858229,1,"[0.47536667920270775, 0.65863343169268906]"
2097608226,Unit C Plan, 72 Townsend San Francisco,CA,94107,1,2.0,785,923145,1,"[0.59044753666792027, 0.70845212559811821]"
2097608222,Unit H Plan, 72 Townsend San Francisco,CA,94107,1,2.0,950,1029878,1,"[0.71455434373824744, 0.79036257381748132]"
15084111,184 Ewing Ter, San Francisco,CA,94118,5,4.0,2600,2755797,2,"[1.9556224144415193, 2.1148901227509409]"
15147563,75 Folsom St APT 1200, San Francisco,CA,94105,1,1.0,993,1145258,3,"[0.74689732982324175, 0.87890901695643664]"
15176270,751 Madrid St, San Francisco,CA,94112,2,2.0,1244,611986,3,"[0.93569010906355765, 0.46965837710900238]"
15181020,4322 25th St, San Francisco,CA,94114,5,4.0,0,3716043,4,"[0.0, 2.8518147876704179]"
15181594,551 Clipper St, San Francisco,CA,94114,2,1.0,1126,1207653,3,"[0.84693493794659647, 0.92679301175323947]"
15140819,1351 Plymouth Ave, San Francisco,CA,94112,2,1.0,1315,1353695,3,"[0.98909364422715307, 1.038870491809569]"
15179101,107 Guttenberg St, San Francisco,CA,94112,3,1.0,1525,907473,3,"[1.1470477623166604, 0.69642491241668547]"
15095624,3547 Anza St, San Francisco,CA,94121,2,1.0,1325,1399149,3,"[0.99661526889808194, 1.0737534006883875]"
79847285,555 4th St UNIT 740, San Francisco,CA,94107,1,1.0,680,757305,1,"[0.51147047762316655, 0.58118100295845498]"
15144809,550 Shotwell St, San Francisco,CA,94110,2,1.0,851,993352,1,"[0.64009025949605114, 0.76233130858872866]"
15144810,552 Shotwell St, San Francisco,CA,94110,2,1.0,818,1044467,1,"[0.6152688980819857, 0.80155865683840544]"
79845949,988 Fulton St APT 116, San Francisco,CA,94117,1,1.0,695,719505,1,"[0.52275291462955997, 0.55217202782712793]"
15164939,340 Justin Dr, San Francisco,CA,94112,3,2.0,0,1149344,1,"[0.0, 0.88204474903015628]"
15112773,1871 30th Ave, San Francisco,CA,94122,4,3.0,2560,1277186,2,"[1.9255359157578036, 0.98015494476399512]"
15103190,1379-1383 25TH Ave, San Francisco,CA,94122,6,5.0,3754,1781667,2,"[2.8236179014667169, 1.3673104152197353]"
64972549,333 1st St UNIT 1606, San Francisco,CA,94105,0,1.0,506,681741,1,"[0.38059420834900337, 0.52319068029116411]"
15196645,3010 23rd Ave, San Francisco,CA,94132,5,6.0,3924,3144289,2,"[2.9514855208725086, 2.4130317832461659]"
2097628937,13 Surrey St # A, San Francisco,CA,94131,1,1.0,0,666182,1,"[0.0, 0.51125018706184355]"
2097755746,207 Plan, San Francisco,CA,94115,2,2.0,1401,2513226,4,"[1.0537796163971418, 1.9287330828942975]"
119685831,5800 3rd St UNIT 1105, San Francisco,CA,94124,2,2.0,1021,683991,1,"[0.76795787890184275, 0.52491740500136219]"
82786118,425 1st St UNIT 2205, San Francisco,CA,94105,1,1.0,0,957409,1,"[0.0, 0.73474745691821841]"
116156390,435 China Basin St UNIT 534, San Francisco,CA,94158,2,2.0,1391,1517870,3,"[1.0462579917262129, 1.1648638381636858]"
64972004,35 Lottie Bennett Ln APT 2, San Francisco,CA,94115,1,1.0,0,16427,1,"[0.0, 0.012606625250854729]"
2097744720,Unit L Plan, 72 Townsend San Francisco,CA,94107,1,1.0,1106,1188672,3,"[0.83189168860473861, 0.91222636209800889]"
15159329,1830-1832 Egbert Ave, San Francisco,CA,94124,0,0.0,880,622716,1,"[0.661902971041745, 0.47789293539363564]"
69819778,260 King St UNIT 741, San Francisco,CA,94107,1,1.0,854,822245,1,"[0.64234674689732985, 0.63101811526079299]"
15179445,245 Concord St, San Francisco,CA,94112,2,2.0,1670,921639,3,"[1.2561113200451297, 0.70729637119209232]"
2097661525,Residence 1 Plan, LUMINA San Francisco,CA,94105,1,1.0,876,997602,1,"[0.65889432117337343, 0.7655928997079916]"
15168919,362 Princeton St, San Francisco,CA,94134,3,2.0,1356,827195,3,"[1.0199323053779616, 0.63481690962322868]"
15067931,1151 Taylor St APT 1, San Francisco,CA,94108,2,2.0,1191,1346715,3,"[0.89582549830763447, 1.0335138080419326]"
2097657203,1530 Mcallister St APT 6, San Francisco,CA,94115,2,1.0,754,769274,1,"[0.56713050018804056, 0.59036641098350406]"
15135015,10 El Sereno Ct, San Francisco,CA,94127,2,3.0,1718,1647041,3,"[1.2922151184655886, 1.2639939526263482]"
96031913,300 Berry St UNIT 1405, San Francisco,CA,94158,1,1.0,732,900565,1,"[0.55058292591199698, 0.69112348383977529]"
15075119,1905 Laguna St APT 306, San Francisco,CA,94115,1,1.0,685,756807,1,"[0.5152312899586311, 0.58079882122259785]"
15071190,3233-3235 Steiner St, San Francisco,CA,94123,4,2.0,2830,3268458,2,"[2.1286197818728847, 2.5083231968197568]"
2098636734,Residence 2 Plan, LUMINA San Francisco,CA,94105,2,2.0,1189,1458542,3,"[0.89432117337344863, 1.119333561005184]"
15191450,341 Howth St, San Francisco,CA,94112,5,5.0,2000,998578,3,"[1.5043249341857841, 0.76634191451561529]"
2097658751,633 Capp St # 635A, San Francisco,CA,94110,2,1.0,0,787367,1,"[0.0, 0.60425157995310985]"
2098035536,W407 Plan, Rockwell San Francisco,CA,94109,2,2.0,1164,1491740,3,"[0.87551711169612634, 1.1448108085292525]"
2097661270,228 And 228a Filbert St, San Francisco,CA,94133,3,3.0,1525,2081701,4,"[1.1470477623166604, 1.5975664693084275]"
15089336,64 7th Ave, San Francisco,CA,94118,3,3.0,2375,2038380,2,"[1.7863858593456186, 1.5643204954548768]"
2097661538,201 Folsom St # 6F, San Francisco,CA,94105,2,2.0,1187,1398760,3,"[0.8928168484392629, 1.0734548691718244]"
15142662,85 Duboce Ave APT 203, San Francisco,CA,94103,2,1.0,1040,946168,1,"[0.78224896577660774, 0.7261207402660691]"
80744991,1011 23rd St APT 10, San Francisco,CA,94107,1,1.5,0,733462,1,"[0.0, 0.5628830930627875]"
119685654,744 Church St, San Francisco,CA,94114,2,1.0,1005,1298678,3,"[0.75592327942835646, 0.99664861919580672]"
15163351,155 Newman St, San Francisco,CA,94110,2,1.0,1085,940362,3,"[0.81609627679578789, 0.72166502308055358]"
15100317,835 42nd Ave, San Francisco,CA,94121,3,2.5,2477,1341905,2,"[1.8631064309890937, 1.0298224543281314]"
2098960305,2758 23rd St, San Francisco,CA,94110,0,0.0,1372,794031,3,"[1.0319669048514479, 0.60936575482811417]"
2106908379,1710 48th Ave, San Francisco,CA,94122,2,1.0,1000,759141,1,"[0.75216246709289203, 0.58259001032197655]"
2097665408,3233 Steiner St, San Francisco,CA,94123,0,0.0,0,2475766,4,"[0.0, 1.8999850350525116]"
116156046,1134 Page St, San Francisco,CA,94117,3,3.0,1609,1539950,3,"[1.2102294095524633, 1.1818087633197625]"
2097667876,48 Lower Ter # 48, San Francisco,CA,94114,3,3.0,1893,1979606,4,"[1.4238435502068447, 1.519215376291686]"
2101439205,5114 5116 3rd St, San Francisco,CA,94124,0,0.0,2000,913004,3,"[1.5043249341857841, 0.70066958547095459]"
15090782,332 29th Ave, San Francisco,CA,94121,4,1.0,1168,1072380,3,"[0.87852576156449791, 0.82298001987652003]"
64972516,333 1st St UNIT 1001, San Francisco,CA,94105,2,2.0,0,1230960,1,"[0.0, 0.94467957745127751]"
2143414544,3334 Clay St, San Francisco,CA,94118,3,2.0,2150,1898990,2,"[1.6171493042497178, 1.4573479810750971]"
15130401,4407-4409 20TH St, San Francisco,CA,94114,4,2.0,2510,2210399,2,"[1.887927792403159, 1.696333587865346]"
15114554,1601 Ortega St, San Francisco,CA,94122,2,1.0,1221,1041368,3,"[0.9183903723204212, 0.79918038133755931]"
15082851,730 Euclid Ave, San Francisco,CA,94118,4,3.0,3425,4393139,2,"[2.5761564497931553, 3.3714407407265288]"
15135507,1290 Portola Dr, San Francisco,CA,94127,3,3.0,2352,2408912,2,"[1.7690861226024821, 1.8486790555966985]"
15068322,3 Helen St # 101, San Francisco,CA,94109,2,3.0,2030,1669711,2,"[1.5268898081985709, 1.2813916633730991]"
15132258,965 Elizabeth St, San Francisco,CA,94114,2,3.0,1279,1497264,3,"[0.96201579541180893, 1.1490501095510899]"
82785263,181 Ofarrell St STE 305, San Francisco,CA,94102,1,2.0,1334,1244989,3,"[1.0033847311019179, 0.95544589787766343]"
2097671492,2596 24th Ave, San Francisco,CA,94116,0,0.0,2850,1423697,2,"[2.1436630312147424, 1.0925923509932505]"
15081454,115 Walnut St, San Francisco,CA,94118,3,3.5,2600,3804313,4,"[1.9556224144415193, 2.9195561166344985]"
15157202,1550 Shafter Ave, San Francisco,CA,94124,5,2.0,1750,772398,3,"[1.3162843174125611, 0.59276387231446337]"
15172634,15 Bishop St, San Francisco,CA,94134,4,3.0,2200,1280869,2,"[1.6547574276043624, 0.98298140125628808]"
89239005,445 Baker St, San Francisco,CA,94117,2,1.0,1211,1278020,3,"[0.91086874764949222, 0.98079498405657517]"
69819344,2913 25th St, San Francisco,CA,94110,1,1.0,1053,962471,3,"[0.79202707784881532, 0.73863220379956174]"
2143405194,228 Oneida Ave, San Francisco,CA,94112,4,3.0,2114,1162839,3,"[1.5900714554343738, 0.89240126012532184]"
63196468,1050 N Point St APT 503, San Francisco,CA,94109,1,1.0,615,830718,1,"[0.4625799172621286, 0.6375205768027965]"
125243731,101 Lundys Ln, San Francisco,CA,94110,0,0.0,2249,665395,3,"[1.6916133884919142, 0.51064621712987657]"
15065815,422 Green St, San Francisco,CA,94133,0,0.0,1295,1374509,3,"[0.97405039488529521, 1.0548438465287078]"
2097679306,112 Ripley St APT 2, San Francisco,CA,94110,1,1.0,0,777102,1,"[0.0, 0.59637387810858411]"
15131651,4121 23rd St, San Francisco,CA,94114,4,3.0,2657,2209482,2,"[1.9984956750658143, 1.6956298516167898]"
15164756,4219 Folsom St, San Francisco,CA,94110,3,2.0,1539,971480,3,"[1.1575780368559609, 0.7455460095391947]"
2097680187,870 Harrison St UNIT 605, San Francisco,CA,94107,2,1.5,0,943173,1,"[0.0, 0.7238222778184944]"
15134406,736 Myra Way, San Francisco,CA,94127,3,1.0,0,966708,1,"[0.0, 0.74188381828716576]"
2103084745,3055 California St # A, San Francisco,CA,94115,2,2.0,966,1035065,1,"[0.72658894321173373, 0.7943432498493912]"
15082192,3319 Clay St, San Francisco,CA,94118,0,0.0,2800,3076069,2,"[2.1060549078600976, 2.3606774900329612]"
64946643,475 Tehama St STE 202, San Francisco,CA,94103,1,1.0,605,623895,1,"[0.45505829259119968, 0.47879773914177942]"
15179776,105 Hanover St, San Francisco,CA,94112,3,3.0,1650,843995,3,"[1.241068070703272, 0.64770978745937402]"
15162782,127 Ellert St, San Francisco,CA,94110,3,1.0,950,1537121,3,"[0.71455434373824744, 1.1796376947841403]"
15198441,249 N Lake Merced Hls, San Francisco,CA,94132,3,2.5,1904,983761,3,"[1.4321173373448663, 0.75497085672405784]"
2097683628,465 Castro St, San Francisco,CA,94114,3,2.0,1475,1468798,3,"[1.1094396389620158, 1.1272043559508689]"
2097683627,467 Castro St, San Francisco,CA,94114,3,3.0,1855,2060563,4,"[1.3952613764573147, 1.5813444662310203]"
15198058,419 Lakeshore Dr, San Francisco,CA,94132,2,1.0,1250,941585,3,"[0.94020308386611506, 0.72260359388969686]"
2097683950,Plan A (Floors 8-16) Plan, The Harrison San Francisco,CA,94105,1,1.0,840,705551,1,"[0.63181647235802929, 0.54146326489108199]"
2097684327,1345 16th Ave APT 4, San Francisco,CA,94122,1,1.0,0,542077,1,"[0.0, 0.41600788921334259]"
15086330,2155 Hayes St, San Francisco,CA,94117,3,2.0,1932,1250717,3,"[1.4531778864234675, 0.95984175527322535]"
15137636,528 Melrose Ave, San Francisco,CA,94127,2,1.0,890,928732,1,"[0.66942459571267388, 0.71273977491184104]"
15098183,655 10th Ave, San Francisco,CA,94118,3,1.5,1950,1955834,4,"[1.4667168108311395, 1.5009719541535402]"
79846516,555 4th St UNIT 802, San Francisco,CA,94107,1,1.0,670,806278,1,"[0.50394885295223768, 0.61876450928402316]"
111933043,442 Leland Ave, San Francisco,CA,94134,5,3.0,2055,806369,3,"[1.5456938698758931, 0.61883434570563567]"
63196414,666 Post St APT 1004, San Francisco,CA,94109,1,1.0,775,922495,1,"[0.58292591199699129, 0.70795329401517215]"
59779896,175 Bluxome St UNIT 204, San Francisco,CA,94107,2,2.0,1076,1001164,3,"[0.80932681459195188, 0.76832649678253628]"
15133660,130 Ulloa St, San Francisco,CA,94127,3,2.0,1792,1512695,3,"[1.3478751410304626, 1.1608923713302304]"
15162453,21 Bennington St, San Francisco,CA,94110,2,1.0,1000,958637,1,"[0.75216246709289203, 0.73568986489338428]"
15080138,2425 Francisco St, San Francisco,CA,94123,3,2.0,0,2662738,4,"[0.0, 2.0434735561703548]"
15151660,738 Arkansas St, San Francisco,CA,94107,2,2.0,1758,1751880,4,"[1.3223016171493043, 1.3444508823563268]"
15145521,240 Liberty St APT B, San Francisco,CA,94114,2,1.0,892,1142877,1,"[0.67092892064685972, 0.87708175849644487]"
2098183165,E1010 Plan, Rockwell San Francisco,CA,94109,1,1.0,616,842665,1,"[0.46333207972922152, 0.6466891012973458]"
59700498,155 Harriet St STE 19, San Francisco,CA,94103,2,2.0,1010,907411,1,"[0.75968409176382101, 0.69637733155800452]"
15132128,86 Midcrest Way, San Francisco,CA,94131,3,2.0,1383,1266517,3,"[1.0402406919894698, 0.97196719990483826]"
79845287,501 Crescent Way APT 5311, San Francisco,CA,94134,2,2.0,875,585594,1,"[0.65814215870628057, 0.44940427997498167]"
15192537,130 Majestic Ave, San Francisco,CA,94112,3,2.0,1250,815343,3,"[0.94020308386611506, 0.62572129128310994]"
2107076991,301 Main St UNIT 24C, San Francisco,CA,94105,1,1.0,809,1396069,1,"[0.6084994358781497, 1.0713897064184277]"
15167504,258 Harvard St, San Francisco,CA,94134,2,2.0,1600,894822,3,"[1.2034599473486274, 0.68671611494614537]"
15118751,2262 42nd Ave, San Francisco,CA,94116,3,2.0,905,1082987,1,"[0.6807070327190673, 0.83112018387699582]"
2097700391,323A 7th Ave # 3, San Francisco,CA,94118,3,2.0,1485,1286019,3,"[1.1169612636329447, 0.9869336822596303]"
15165582,18 Dartmouth St, San Francisco,CA,94134,4,2.0,1207,900504,3,"[0.90786009778112065, 0.69107667041429877]"
2097702990,401 Harrison St # 4C, San Francisco,CA,94105,2,2.0,1289,1446255,3,"[0.9695374200827378, 1.1099041092210937]"
2097703618,3790 21st St, San Francisco,CA,94114,0,0.0,4282,3025196,2,"[3.2207596840917638, 2.3216358606187812]"
2108453273,279 Graystone Ter APT 1, San Francisco,CA,94114,1,1.0,770,764620,1,"[0.57916509966152685, 0.5867947768496099]"
15084914,815 Lyon St, San Francisco,CA,94115,2,1.0,1075,1162950,3,"[0.80857465212485891, 0.89248644521102494]"
15131239,771 Panorama Dr, San Francisco,CA,94131,3,1.0,1298,1485086,3,"[0.97630688228657392, 1.1397043079862936]"
15086065,625 Divisadero St # 6, San Francisco,CA,94117,0,1.0,353,661532,1,"[0.26551335088379091, 0.50768162266076766]"
2099228207,642 Natoma St # A, San Francisco,CA,94103,3,2.0,1353,1003577,3,"[1.0176758179766829, 0.77017831310507312]"
15185390,13 Surrey St, San Francisco,CA,94131,2,2.0,1280,1091218,3,"[0.96276795787890179, 0.83743692658350244]"
53153388,370 Monterey Blvd APT 101, San Francisco,CA,94131,1,1.0,807,347181,1,"[0.60699511094396386, 0.26643822738278417]"
15138223,176 Yerba Buena Ave, San Francisco,CA,94127,4,3.5,2562,2987036,2,"[1.9270402406919893, 2.2923506095338229]"
2100755012,263 Thrift St, San Francisco,CA,94112,0,0.0,2529,1328816,2,"[1.902218879277924, 1.0197775211140061]"
15078487,853 Hayes St, San Francisco,CA,94117,3,3.0,2020,1797528,2,"[1.519368183527642, 1.3794826732768246]"
15083909,128 Wood St # 1, San Francisco,CA,94118,3,2.0,1600,1525113,3,"[1.2034599473486274, 1.1704223568641143]"
89238348,1884 Bush St, San Francisco,CA,94109,1,1.0,934,989232,1,"[0.70251974426476116, 0.75916948378605498]"
80736213,1601 Pacific Ave APT 207, San Francisco,CA,94109,2,3.0,1274,1192779,3,"[0.95825498307634449, 0.91537821026902366]"
15175184,125 Britton St, San Francisco,CA,94134,1,1.0,650,632770,1,"[0.48890560361037982, 0.48560870883200502]"
79847573,900 Gilman Ave # 14, San Francisco,CA,94124,2,1.0,899,209999,1,"[0.67619405791650999, 0.16116020551861218]"
2099430840,Residence G1 Plan, Summit 800 San Francisco,CA,94132,3,2.5,2328,1468802,2,"[1.7510342233922527, 1.127207425683687]"
2097734745,633-637 Capp St # 635A, San Francisco,CA,94110,2,1.0,0,1423055,1,"[0.0, 1.0920996588759406]"
2099853783,3422 19th St, San Francisco,CA,94110,2,2.0,0,1057182,1,"[0.0, 0.81131657003403568]"
15109495,1668 18th Ave, San Francisco,CA,94122,3,2.0,1671,1282866,3,"[1.2568634825122227, 0.98451396536573943]"
15109410,1622 21st Ave, San Francisco,CA,94122,5,3.0,1275,1387469,3,"[0.95900714554343736, 1.0647897808594484]"
82786081,425 1st St UNIT 1607, San Francisco,CA,94105,1,1.0,819,1126688,1,"[0.61602106054907857, 0.86465778234826884]"
15088261,130 Rivoli St, San Francisco,CA,94117,3,2.0,1700,1491917,3,"[1.2786761940579165, 1.1449466442064549]"
2099430843,Residence B Plan, Summit 800 San Francisco,CA,94132,3,2.5,2001,1552234,2,"[1.505077096652877, 1.1912359128042393]"
15136357,456 Los Palmos Dr, San Francisco,CA,94127,4,4.0,2000,1473643,3,"[1.5043249341857841, 1.1309225698268286]"
15086531,255 Central Ave, San Francisco,CA,94117,2,2.0,1078,1035315,3,"[0.81083113952613761, 0.79453510815052431]"
2098608398,E1011 Plan, Rockwell San Francisco,CA,94109,2,2.0,1139,1733726,3,"[0.85671305001880405, 1.3305188999612445]"
2097755397,388 Fulton St # 411, San Francisco,CA,94102,2,1.0,714,965348,1,"[0.53704400150432496, 0.74084010912900167]"
15129447,337 Douglass St, San Francisco,CA,94114,3,3.0,1600,1923291,4,"[1.2034599473486274, 1.4759973753784406]"
2097755733,2121 Webster Street Rh # 2, San Francisco,CA,94115,3,3.0,2423,3802353,4,"[1.8224896577660774, 2.9180519475536149]"
2098636651,2475 Clay St, San Francisco,CA,94115,3,3.0,2423,3865052,4,"[1.8224896577660774, 2.9661692420445953]"
2097755745,Row House Collection 3-Story Plan, San Francisco,CA,94115,3,3.0,2423,3802353,4,"[1.8224896577660774, 2.9180519475536149]"
15177732,465 Stoneridge Ln # 3301, San Francisco,CA,94134,2,2.0,1111,639411,1,"[0.83565250094020305, 0.49070523274330508]"
2097756977,3138 Scott St, San Francisco,CA,94123,2,1.0,1130,1231614,3,"[0.84994358781496804, 0.94518147876704184]"
80745391,563 Minna St APT 1, San Francisco,CA,94103,2,2.0,1257,695621,3,"[0.94546822113576534, 0.53384265317007473]"
15171782,690 Brussels St, San Francisco,CA,94134,4,2.0,1712,757267,3,"[1.2877021436630312, 0.58115184049668278]"
15164059,659 Banks St, San Francisco,CA,94110,4,6.0,2100,1104659,3,"[1.5795411808950732, 0.84775199628562325]"
15160093,1479 Shotwell St, San Francisco,CA,94110,2,1.0,2140,1696598,2,"[1.6096276795787889, 1.3020256399433634]"
15127493,141 States St, San Francisco,CA,94114,3,2.0,1484,1465222,3,"[1.1162091011658517, 1.1244600148114607]"
2098636733,Residence 6 Plan, LUMINA San Francisco,CA,94105,2,2.0,1495,2397339,4,"[1.1244828883038736, 1.8397975511206444]"
69820113,673 Kansas St # 1, San Francisco,CA,94107,2,1.0,0,1216255,1,"[0.0, 0.9333944721786277]"
61288450,77 Dow Pl APT 108, San Francisco,CA,94107,1,1.5,1057,962959,3,"[0.79503572771718689, 0.73900671120337358]"
15141245,443 Capistrano Ave, San Francisco,CA,94112,4,2.0,1832,1184731,3,"[1.3779616397141783, 0.9092019078389465]"
15153310,5 Mabrey Ct, San Francisco,CA,94124,3,2.0,1776,812177,3,"[1.3358405415569763, 0.62329159775756016]"
82786088,425 1st St UNIT 1707, San Francisco,CA,94105,1,1.0,819,1138353,1,"[0.61602106054907857, 0.87360989067913997]"
2097768822,365 67 12th St, San Francisco,CA,94103,0,0.0,1902,1161230,3,"[1.4306130124106806, 0.89116646009922906]"
2099276061,1931 15th St, San Francisco,CA,94114,3,2.0,2580,2626011,2,"[1.9405791650996616, 2.0152880368674913]"
89237610,432 Jersey St, San Francisco,CA,94114,2,1.0,1053,1124241,3,"[0.79202707784881532, 0.86277987329677797]"
96041763,1299 Bush St APT 201, San Francisco,CA,94109,2,3.0,1530,1706364,3,"[1.1508085746521248, 1.3095203926188275]"
15100883,1229 45th Ave, San Francisco,CA,94122,0,0.0,1460,945113,3,"[1.0981572019556225, 0.72531109823528728]"
15073451,2225-2227 Pacific Ave, San Francisco,CA,94115,6,5.0,4700,4931310,0,"[3.5351635953365927, 3.7844510358429679]"
15153857,1243 Quesada Ave, San Francisco,CA,94124,3,1.0,1440,739588,3,"[1.0831139526137645, 0.5675843888737534]"
89240309,425 1st St UNIT 4605, San Francisco,CA,94105,1,1.0,860,998035,1,"[0.64685972169988715, 0.76592519828555417]"
15069888,37 Rico Way, San Francisco,CA,94123,3,1.0,1845,2384575,4,"[1.3877397517863859, 1.8300020336979919]"
2097772510,1401 Waller St, San Francisco,CA,94117,0,0.0,2606,1718007,2,"[1.9601353892440767, 1.3184556174191988]"
15193845,316 Orizaba Ave, San Francisco,CA,94132,2,1.0,800,631794,1,"[0.60172997367431369, 0.48485969402438134]"
15140297,67 Paulding St, San Francisco,CA,94112,2,1.0,1000,885549,1,"[0.75216246709289203, 0.67959970684051585]"
15074424,2200 Sacramento St APT 706, San Francisco,CA,94115,2,2.0,1110,1243239,3,"[0.83490033847311018, 0.95410288976973168]"
119685059,941 Cayuga Ave, San Francisco,CA,94112,3,2.5,1660,993863,3,"[1.2485896953742008, 0.76272346695624482]"
63196194,1333 Jones St APT 802, San Francisco,CA,94109,1,2.0,0,1765721,1,"[0.0, 1.3550729253402607]"
2099430833,Residence F2 Plan, Summit 800 San Francisco,CA,94132,3,2.5,2207,1465771,2,"[1.6600225648740128, 1.1248813356407492]"
15072728,1998 Broadway APT 507, San Francisco,CA,94109,2,2.0,1030,1147574,3,"[0.77472734110567876, 0.88068639225813383]"
15124993,2632 35th Ave, San Francisco,CA,94116,3,1.0,1500,1097523,3,"[1.128243700639338, 0.84227559293807963]"
67090195,400 Beale St APT 1005, San Francisco,CA,94105,1,1.0,828,907605,1,"[0.62279052275291458, 0.69652621359968381]"
15187305,449 Urbano Dr, San Francisco,CA,94127,0,1.0,1600,1532729,3,"[1.2034599473486274, 1.1762671281498336]"
15085160,2028 Mcallister St, San Francisco,CA,94118,0,1.0,1545,1610121,3,"[1.1620910116585181, 1.2356603187150099]"
15138751,424 Gennessee St, San Francisco,CA,94127,4,2.0,1838,1308029,3,"[1.3824746145167355, 1.0038248870913897]"
15069423,631 Ofarrell St APT 414, San Francisco,CA,94109,0,1.0,520,472697,1,"[0.39112448288830387, 0.36276337348288046]"
15158160,206 Bridgeview Dr, San Francisco,CA,94124,3,2.0,1440,760055,3,"[1.0831139526137645, 0.58329144427091928]"
2097784789,654 Castro St, San Francisco,CA,94114,0,0.0,4386,2798034,2,"[3.2989845806694245, 2.1473041990107786]"
82786241,177 Townsend St UNIT 335, San Francisco,CA,94107,1,1.0,815,921357,1,"[0.613012410680707, 0.70707995502841414]"
15090814,362 28th Ave, San Francisco,CA,94121,2,1.0,1090,1281591,3,"[0.81985708913125233, 0.9835354880299606]"
15143092,236 Guerrero St, San Francisco,CA,94103,3,2.0,1539,1455573,3,"[1.1575780368559609, 1.117055051820927]"
2097786533,590 24th Ave, San Francisco,CA,94121,0,0.0,2208,1421596,2,"[1.6607747273411055, 1.0909799738305277]"
2097786535,430 Eddy St, San Francisco,CA,94109,0,0.0,0,1537121,1,"[0.0, 1.1796376947841403]"
15141202,115 San Juan Ave, San Francisco,CA,94112,3,2.0,2247,1070090,3,"[1.6901090635577285, 0.82122259783814067]"
15086395,964 Page St, San Francisco,CA,94117,2,1.0,1122,1175368,3,"[0.8439262880782249, 0.902016430744909]"
2102211687,149-151 Masonic Ave San Francisco Ca # 94118, San Francisco,CA,94118,4,2.0,2672,1998049,2,"[2.0097781120722074, 1.5333691468828781]"
116156185,435 China Basin St UNIT 335, San Francisco,CA,94158,2,2.0,0,1339734,1,"[0.0, 1.0281563568410914]"
64972219,20 Quickstep Ln APT 2, San Francisco,CA,94115,2,1.0,840,808497,1,"[0.63181647235802929, 0.62046744356488071]"
15109582,1669 15th Ave, San Francisco,CA,94122,7,4.0,3681,2462860,2,"[2.7687100413689358, 1.8900805421148157]"
15155974,1129 Mendell St, San Francisco,CA,94124,0,0.0,912,632306,1,"[0.68597216998871757, 0.48525261982510198]"
15162772,312 Cortland Ave, San Francisco,CA,94110,3,2.0,1200,1137852,3,"[0.90259496051147048, 0.87322540664366921]"
15162462,600 Eugenia Ave, San Francisco,CA,94110,4,2.0,1901,1619714,3,"[1.4298608499435879, 1.2430223054460896]"
15064354,358-360 Lombard St, San Francisco,CA,94133,0,0.0,1924,2860969,4,"[1.4471605866867243, 2.1956026077380288]"
15129550,4555 19th St, San Francisco,CA,94114,4,4.0,4072,1999859,2,"[3.0628055660022566, 1.5347582009830818]"
15178914,850C Brunswick St, San Francisco,CA,94112,4,3.0,2178,1139054,3,"[1.6382098533283189, 0.87414786135551725]"
15185234,50 Burnside Ave, San Francisco,CA,94131,2,1.0,1273,1229794,3,"[0.95750282060925163, 0.9437847503347927]"
2100435456,280 10th Ave, San Francisco,CA,94118,0,0.0,0,2463820,4,"[0.0, 1.8908172779911667]"
15100736,855 La Playa St APT 159, San Francisco,CA,94121,2,2.0,1178,802075,3,"[0.88604738623542678, 0.61553898752537328]"
111929260,830 Minnesota St, San Francisco,CA,94107,2,3.0,1659,1683068,3,"[1.2478375329071079, 1.2916422686860392]"
15144377,465-469 Castro St, San Francisco,CA,94114,0,0.0,5390,4778124,0,"[4.0541556976306881, 3.6668910129734584]"
59700490,155 Harriet St STE 9, San Francisco,CA,94103,2,2.0,930,932175,1,"[0.69951109439638959, 0.71538204743504641]"
2098035537,W901 Plan, Rockwell San Francisco,CA,94109,2,2.0,955,1331508,3,"[0.71831515607371188, 1.0218434513006074]"
15136755,128 San Pablo Ave, San Francisco,CA,94127,4,4.0,2674,2486536,2,"[2.0112824370063933, 1.9082502906653263]"
2098636730,Residence 7 Plan, LUMINA San Francisco,CA,94105,1,1.0,972,1397810,3,"[0.73110191801429103, 1.0727258076275186]"
89240111,83 Mcallister St APT 403, San Francisco,CA,94102,0,1.0,265,477437,1,"[0.1993230537796164, 0.36640100687236432]"
15064463,2125 Mason St, San Francisco,CA,94133,0,0.0,3204,2953639,2,"[2.4099285445656262, 2.2667206428020519]"
15078432,420-422 Linden St, San Francisco,CA,94102,0,0.0,2200,1656543,2,"[1.6547574276043624, 1.2712861029358158]"
80749566,650 2nd St UNIT 304, San Francisco,CA,94107,1,1.5,1798,1537121,3,"[1.35238811583302, 1.1796376947841403]"
117672833,437 25th Ave APT 3, San Francisco,CA,94121,3,2.0,1693,1193171,3,"[1.2734110567882662, 0.9156790440852004]"
69819674,260 King St UNIT 1305, San Francisco,CA,94107,2,2.0,1488,1516681,3,"[1.1192177510342234, 1.1639513600834968]"
2097847511,2725 Pine St, San Francisco,CA,94115,3,2.0,1777,1666873,3,"[1.3365927040240693, 1.279213687938636]"
52437151,2836 Folsom St, San Francisco,CA,94110,2,2.0,2258,1645406,2,"[1.6983828506957503, 1.2627391993369377]"
2097847690,3633 Webster St, San Francisco,CA,94123,2,2.0,1720,1812330,4,"[1.2937194433997743, 1.3908422195703141]"
2097847688,9-11 14th Ave, San Francisco,CA,94118,5,3.0,3296,2479340,2,"[2.479127491538172, 1.9027278413255106]"
15095248,591 18th Ave, San Francisco,CA,94121,4,2.0,2020,1795868,2,"[1.519368183527642, 1.3782087341573008]"
15081369,3045 Jackson St APT 203, San Francisco,CA,94115,1,1.0,0,1157909,1,"[0.0, 0.88861781442697674]"
15163483,30 Patton St, San Francisco,CA,94110,4,3.0,1733,1176697,3,"[1.3034975554719819, 0.90303634947373268]"
15141265,140 Ocean Ave, San Francisco,CA,94112,3,2.0,1152,964971,3,"[0.86649116209101162, 0.74055078681089292]"
15109153,1674 26th Ave, San Francisco,CA,94122,5,3.0,2075,1389468,3,"[1.560737119217751, 1.0663238798353087]"
15152397,1242 Hampshire St, San Francisco,CA,94110,2,2.0,1298,1330988,3,"[0.97630688228657392, 1.0214443860342506]"
2097853526,740 Shotwell St, San Francisco,CA,94110,0,0.0,2227,928770,3,"[1.6750658142158705, 0.71276893737361335]"
2099140356,# 602 Three-Bed & Three-Bath Plan, 6 Mint Plaza San Francisco,CA,94103,3,3.0,1805,2697429,4,"[1.3576532531026702, 2.0700965814687904]"
124397847,8 Buchanan St UNIT 613, San Francisco,CA,94102,2,2.0,985,1187699,3,"[0.74088003008649872, 0.91147964958999883]"
2097854526,2405 41st Ave, San Francisco,CA,94116,0,0.0,2150,1084297,3,"[1.6171493042497178, 0.83212552137493334]"
2097854989,900 Clarendon Ave, San Francisco,CA,94131,0,0.0,0,1460193,1,"[0.0, 1.1206005932258671]"
2097855544,236 Shipley St # 204, San Francisco,CA,94107,2,2.0,858,921789,1,"[0.64535539676570142, 0.70741148617277227]"
15140588,137 Eastwood Dr, San Francisco,CA,94112,6,3.0,2762,1531735,2,"[2.0774727341105677, 1.1755042995445284]"
2097856271,150 152 San Carlos St, San Francisco,CA,94110,2,1.0,926,1035849,1,"[0.69650244452801802, 0.79494491748174467]"
2097856807,236 Shipley St # 305, San Francisco,CA,94107,1,1.0,514,660786,1,"[0.38661150808574651, 0.50710911749018639]"
15138115,250 Santa Paula Ave, San Francisco,CA,94127,5,6.0,3028,4080560,2,"[2.2775479503572771, 3.1315572370869771]"
15160632,1706 Alabama St, San Francisco,CA,94110,2,1.0,988,1413797,3,"[0.74313651748777731, 1.0849947622683791]"
89238408,323-A 7th Ave, San Francisco,CA,94118,3,2.0,1485,1230756,3,"[1.1169612636329447, 0.94452302107755293]"
80733090,650 Delancey St APT 406, San Francisco,CA,94107,1,2.0,0,1789616,1,"[0.0, 1.3734107417625638]"
119685612,1338 48th Ave, San Francisco,CA,94122,2,2.0,1510,979717,3,"[1.1357653253102671, 0.75186735684492856]"
89230177,330 Mission Bay Blvd N UNIT 502, San Francisco,CA,94158,1,1.5,1010,1142907,3,"[0.75968409176382101, 0.87710478149258086]"
15088522,39 Carmel St, San Francisco,CA,94117,2,2.0,0,2022206,1,"[0.0, 1.5519080308047688]"
119685581,5900 3rd St UNIT 2309, San Francisco,CA,94124,2,2.0,1295,805789,3,"[0.97405039488529521, 0.61838923444700677]"
96034175,300 Berry St UNIT 305, San Francisco,CA,94158,1,1.0,0,897117,1,"[0.0, 0.68847737415054733]"
80745668,175 Bluxome St UNIT 209, San Francisco,CA,94107,2,2.0,1,1002206,1,"[0.00075216246709289205, 0.76912616218165908]"
15178505,2 Curtis St, San Francisco,CA,94112,3,4.0,1020,933594,1,"[0.76720571643474988, 0.71647103515227795]"
80741435,563 Minna St APT 2, San Francisco,CA,94103,1,2.0,814,1537121,1,"[0.61226024821361413, 1.1796376947841403]"
15160839,188 Brewster St, San Francisco,CA,94110,4,4.0,2128,2735823,4,"[1.6006017299736743, 2.0995614119236095]"
2097864414,160 Julian Ave, San Francisco,CA,94103,3,3.0,2300,2017935,2,"[1.7299736743136518, 1.5486303235882106]"
82786220,310 Townsend St APT 408, San Francisco,CA,94107,1,1.0,803,819144,1,"[0.60398646107559228, 0.62863830489353778]"
15123561,2555 28th Ave, San Francisco,CA,94116,3,3.0,1870,1286431,3,"[1.406543813463708, 0.98724986473989773]"
15138874,120 Santa Ana Ave, San Francisco,CA,94127,5,6.0,4800,4278959,0,"[3.6103798420458819, 3.2838152174330126]"
80729601,2875 21st St APT 5, San Francisco,CA,94110,1,2.0,1137,1085026,3,"[0.8552087250846182, 0.83268498018103743]"
2097869025,1685 Oak St APT 201, San Francisco,CA,94117,2,2.0,1430,1250619,3,"[1.0755923279428357, 0.95976654681918117]"
15074186,1776 Sacramento St APT 305, San Francisco,CA,94109,2,2.0,1091,1207613,3,"[0.82060925159834519, 0.92676231442505819]"
80736607,317 Harriet St # 7, San Francisco,CA,94103,1,2.0,1067,715793,1,"[0.80255735238811576, 0.54932331577190352]"
15106175,1559 7th Ave, San Francisco,CA,94122,3,2.0,1625,1514953,3,"[1.2222640090259496, 1.1626252355060647]"
2097876725,2937 Webster St, San Francisco,CA,94123,3,2.0,1338,1748201,3,"[1.0063933809702896, 1.3416274955968519]"
64972583,355 1st St UNIT S204, San Francisco,CA,94105,2,2.0,963,1158379,1,"[0.72433245581045502, 0.88897850803310707]"
2099440337,400 Franconia St, San Francisco,CA,94110,10,11.0,4950,3474741,0,"[3.7232042121098154, 2.6666316205503264]"
111710847,151 Ames St, San Francisco,CA,94110,3,3.0,1986,1975267,4,"[1.4937946596464835, 1.5158854836172195]"
2097883315,621 Lincoln Way APT 4, San Francisco,CA,94122,1,1.0,0,870484,1,"[0.0, 0.66803832561423437]"
15071633,2517-2521 Van Ness Ave, San Francisco,CA,94109,0,0.0,6934,6229302,0,"[5.2154945468221134, 4.7805731958604651]"
2108320096,192 Laidley St, San Francisco,CA,94131,1,1.0,830,1134336,1,"[0.62429484768710042, 0.87052711149653306]"
15095669,614 28th Ave, San Francisco,CA,94121,3,3.5,2786,1798663,2,"[2.0955246333207973, 1.3803537099639689]"
80751244,1090 Chestnut St # 2, San Francisco,CA,94109,4,4.0,3260,6183307,0,"[2.452049642722828, 4.7452751056179947]"
2097911988,228 Filbert St, San Francisco,CA,94133,3,3.0,1525,2084240,4,"[1.1470477623166604, 1.5995149822147354]"
2097945499,Residence D2 Plan, Summit 800 San Francisco,CA,94132,3,3.5,2020,1442954,3,"[1.519368183527642, 1.107370812212932]"
15065717,25 Alta St, San Francisco,CA,94133,0,0.0,2450,2663260,2,"[1.8427980443775855, 2.0438741563031209]"
15187220,2061 Ocean Ave, San Francisco,CA,94127,4,1.0,1394,1382411,3,"[1.0485144791274914, 1.0609081037109231]"
2114645944,2200 Beach St APT 103, San Francisco,CA,94123,1,1.0,883,1015292,1,"[0.66415945844302371, 0.77916879309617082]"
2099019990,198 Carl St, San Francisco,CA,94117,0,0.0,6750,3444878,0,"[5.0770966528770209, 2.6437137627633733]"
2097928873,1331 Grant Ave, San Francisco,CA,94133,0,0.0,6120,2902697,0,"[4.6032342986084993, 2.2276260604967595]"
15067669,11 Shepard Pl, San Francisco,CA,94108,5,3.0,1951,2053887,4,"[1.4674689732982324, 1.5762210821575617]"
15105300,1415 23rd Ave, San Francisco,CA,94122,3,3.0,1555,1363470,3,"[1.1696126363294472, 1.046372151383874]"
2097927821,318 Spear St UNIT 7F, San Francisco,CA,94105,3,2.0,1661,1990255,4,"[1.2493418578412936, 1.5273877724867522]"
15099743,843-845 30TH Ave, San Francisco,CA,94121,2,1.0,2280,1321762,2,"[1.7149304249717938, 1.0143640472892341]"
15134721,121 Juanita Way, San Francisco,CA,94127,3,1.0,1416,1502697,3,"[1.0650620534035351, 1.1532195741513147]"
63197369,765 Market St APT 34C, San Francisco,CA,94103,1,1.5,947,1672333,3,"[0.71229785633696874, 1.2834038732353832]"
15065330,166-170 Valparaiso St, San Francisco,CA,94133,5,3.0,2370,1889761,2,"[1.7826250470101541, 1.450265340030467]"
15066592,411 Vallejo St, San Francisco,CA,94133,2,3.0,1240,2123247,4,"[0.93268145919518619, 1.6294502492239331]"
64969763,1578 Indiana St APT 4, San Francisco,CA,94107,1,2.0,1244,869968,3,"[0.93569010906355765, 0.66764233008069562]"
119684814,58 Wilmot St, San Francisco,CA,94115,3,4.0,2689,3863489,4,"[2.0225648740127866, 2.9649697439459111]"
15147476,469 Clementina St APT 7, San Francisco,CA,94103,1,1.0,582,646812,1,"[0.43775855584806317, 0.49638500589004986]"
64971331,333 Grant Ave APT 703, San Francisco,CA,94108,1,2.0,834,1024075,1,"[0.62730349755547199, 0.78590915893157942]"
15116085,2050 31st Ave, San Francisco,CA,94116,3,1.0,1300,1051764,3,"[0.97781120722075965, 0.80715861693187874]"
15093766,547 27th Ave, San Francisco,CA,94121,4,3.0,2544,1691924,2,"[1.9135013162843173, 1.2984386571453788]"
2097941627,2 Fallon Pl APT 53, San Francisco,CA,94133,2,2.0,1466,1893544,4,"[1.1026701767581797, 1.4531685398432133]"
15122575,2478 23rd Ave, San Francisco,CA,94116,3,2.0,2100,1393762,2,"[1.5795411808950732, 1.0696192380155711]"
15136304,1 Stanford Heights Ave, San Francisco,CA,94127,3,2.0,1203,1124638,3,"[0.90485144791274918, 0.86308454427897729]"
15188709,25 Baywood Ct, San Francisco,CA,94112,2,1.0,800,685094,1,"[0.60172997367431369, 0.52576388382596151]"
115828635,480 Mission Bay Blvd N UNIT 514, San Francisco,CA,94158,2,2.0,1383,1575209,3,"[1.0402406919894698, 1.2088676906783726]"
15067438,1 Mccormick St, San Francisco,CA,94109,0,0.0,0,1537121,1,"[0.0, 1.1796376947841403]"
79842594,555 4th St UNIT 522, San Francisco,CA,94107,2,2.0,1183,1138034,3,"[0.88980819857089133, 0.87336507948689412]"
15070865,2806 Van Ness Ave, San Francisco,CA,94109,10,6.0,4921,4892154,0,"[3.7013915005641218, 3.7544014212862948]"
15144477,595-599 Noe St, San Francisco,CA,94114,0,0.0,3777,2490469,2,"[2.8409176382098531, 1.9112686054587524]"
15170217,349 Bacon St, San Francisco,CA,94134,3,1.0,1680,1318308,3,"[1.2636329447160586, 1.0117133330007788]"
63179419,8100 Oceanview Ter APT 314, San Francisco,CA,94132,2,2.0,1019,648076,1,"[0.76645355396765702, 0.49735504146057885]"
2097949681,358 Lombard St, San Francisco,CA,94133,3,2.0,1924,1486290,3,"[1.4471605866867243, 1.1406282975645508]"
15181858,3790 Cesar Chavez, San Francisco,CA,94110,3,3.0,1946,1537121,3,"[1.463708160962768, 1.1796376947841403]"
80735907,2002 3rd St APT 203, San Francisco,CA,94107,2,3.0,2543,1766898,2,"[1.9127491538172245, 1.3559761942219954]"
2097950676,1333 Jones St UNIT T321, San Francisco,CA,94109,0,1.0,0,782738,1,"[0.0, 0.60069913164932909]"
2097951141,819 Ellis St # 3RD, San Francisco,CA,94109,0,0.5,28800,4247751,0,"[21.662279052275291, 3.2598651619859638]"
15131928,21 Panorama Dr, San Francisco,CA,94131,3,1.0,1150,1183799,3,"[0.86498683715682589, 0.90848666009232215]"
15158996,5512 3rd St, San Francisco,CA,94124,0,0.0,0,981052,1,"[0.0, 0.75289188017297948]"
2097952476,3437-3441 Mission St, San Francisco,CA,94110,8,7.0,4130,2316516,2,"[3.1064309890936443, 1.7777712972307171]"
119685295,859 Alabama St, San Francisco,CA,94110,3,4.0,2200,2631550,4,"[1.6547574276043624, 2.0195388493873963]"
83154260,74 New Montgomery St UNIT 508, San Francisco,CA,94105,2,1.0,952,1272184,3,"[0.71605866867243317, 0.97631624387492366]"
15199728,60 Ora Way APT 203H, San Francisco,CA,94131,0,1.0,409,131445,1,"[0.30763444904099285, 0.10087525756976927]"
2097957961,28 Parker Ave APT 201, San Francisco,CA,94118,2,2.0,0,1537121,1,"[0.0, 1.1796376947841403]"
69819288,501 Beale St UNIT 10D, San Francisco,CA,94105,2,2.0,1259,1888669,4,"[0.94697254606995107, 1.4494273029711175]"
15151600,880 Wisconsin St, San Francisco,CA,94107,4,3.0,1500,1525476,3,"[1.128243700639338, 1.1707009351173596]"
82785962,74 New Montgomery St UNIT 305, San Francisco,CA,94105,1,1.0,792,901219,1,"[0.59571267393757055, 0.69162538515553951]"
114316171,301 Mission St APT 405, San Francisco,CA,94105,2,2.0,1731,2282190,4,"[1.3019932305377961, 1.7514283850519361]"
15068328,1335 California St, San Francisco,CA,94109,2,1.0,1500,1393264,3,"[1.128243700639338, 1.069237056279714]"
15160832,146 Brewster St, San Francisco,CA,94110,3,2.0,1430,1673701,3,"[1.0755923279428357, 1.2844537218591836]"
64971471,135 12th Ave, San Francisco,CA,94118,3,2.0,1782,1684575,3,"[1.3403535163595337, 1.2927987905252696]"
2097962619,420 Linden St, San Francisco,CA,94102,0,0.0,2200,1322797,2,"[1.6547574276043624, 1.015158340655925]"
2097962620,422 Linden St, San Francisco,CA,94102,1,1.0,2200,963455,3,"[1.6547574276043624, 0.73938735807282174]"
2097962622,318 25th Ave, San Francisco,CA,94121,0,0.0,3832,1984635,2,"[2.8822865738999623, 1.5230747978772796]"
83152889,1160 Mission St UNIT 2202, San Francisco,CA,94103,1,1.0,864,916682,1,"[0.64986837156825872, 0.70349220479722496]"
82785810,752 S Van Ness Ave, San Francisco,CA,94110,3,2.0,1735,1102610,3,"[1.3050018804061676, 0.84617952564953625]"
15145237,3808 21st St, San Francisco,CA,94114,3,1.0,1784,2528114,4,"[1.3418578412937194, 1.9401586284433767]"
15156705,1408 Rankin St, San Francisco,CA,94124,3,1.0,995,763624,1,"[0.74840165475742759, 0.58603041337789563]"
15091833,31 Tacoma St, San Francisco,CA,94118,0,0.0,1200,1107321,3,"[0.90259496051147048, 0.84979490347608866]"
15081192,2786 Jackson St # A, San Francisco,CA,94115,0,0.0,472,590177,1,"[0.35502068446784507, 0.45292142635135391]"
2097966685,3062 22nd St, San Francisco,CA,94110,0,0.0,3915,2392001,2,"[2.9447160586686723, 1.83570099267485]"
2097967564,12 Esquina Dr, San Francisco,CA,94134,4,2.0,1525,818949,3,"[1.1470477623166604, 0.62848865541865395]"
15099030,750 Funston Ave, San Francisco,CA,94118,4,3.0,3330,2871628,2,"[2.5047010154193305, 2.2037826782651404]"
2097968226,1884 Bush St, San Francisco,CA,94109,1,1.0,934,970216,1,"[0.70251974426476116, 0.74457597396866571]"
2134087564,60 Alpine Ter, San Francisco,CA,94117,0,0.0,1205,1898164,4,"[0.90635577284693492, 1.4567140812481534]"
2097971236,174 Turk St, San Francisco,CA,94102,0,0.0,13464,3753380,0,"[10.127115456938698, 2.8804684412280466]"
15070382,1500 Francisco St APT 11, San Francisco,CA,94123,3,2.0,1787,1909648,4,"[1.3441143286949981, 1.4655272841690041]"
89240090,338 Spear St UNIT 22F, San Francisco,CA,94105,2,2.0,1318,1361339,3,"[0.99135013162843166, 1.0447367512250152]"
2097974744,3032 Clement St # 202, San Francisco,CA,94121,3,2.0,1661,1472682,3,"[1.2493418578412936, 1.130185066517273]"
15160715,3401 Folsom St, San Francisco,CA,94110,4,4.0,2072,1744898,2,"[1.5584806318164723, 1.3390926637222813]"
69819744,260 King St UNIT 553, San Francisco,CA,94107,0,1.0,556,631987,1,"[0.41820233170364796, 0.48500780863285609]"
15071573,2325-2327 Larkin St, San Francisco,CA,94109,0,0.0,2820,2693320,2,"[2.1210981572019554, 2.0669431984313666]"
15130450,720 Castro St, San Francisco,CA,94114,3,2.5,2020,2663040,4,"[1.519368183527642, 2.0437053209981237]"
15068164,30 Miller Pl APT 11, San Francisco,CA,94108,3,2.0,1782,2036506,4,"[1.3403535163595337, 1.562882325629583]"
125308985,1515 15th St APT 503, San Francisco,CA,94103,1,1.0,650,851248,1,"[0.48890560361037982, 0.65327598049184787]"
2099345105,3437 Mission St, San Francisco,CA,94110,0,0.0,0,1765403,1,"[0.0, 1.3548288815812193]"
2099430839,Residence A2 Plan, Summit 800 San Francisco,CA,94132,3,2.5,1824,1252484,3,"[1.3719443399774351, 0.96119780974563429]"
2097986215,2325 Larkin St, San Francisco,CA,94109,0,0.0,2820,1339050,2,"[2.1210981572019554, 1.0276314325291913]"
15158481,135 Ledyard St, San Francisco,CA,94124,4,2.0,1625,771182,3,"[1.2222640090259496, 0.59183067353775198]"
69819230,69 Clementina St UNIT 403, San Francisco,CA,94105,1,1.0,476,655696,1,"[0.35802933433621659, 0.50320288247911626]"
123952713,301 Mission St APT 34E, San Francisco,CA,94105,2,2.0,1714,2403089,4,"[1.2892064685972169, 1.8442102920467058]"
2119198400,666 S Van Ness Ave, San Francisco,CA,94110,0,0.0,3106,2178824,2,"[2.3362166227905226, 1.6721018844322337]"
15156254,1683 Newcomb Ave, San Francisco,CA,94124,2,1.0,1090,608548,1,"[0.81985708913125233, 0.46701994175181977]"
15179455,275 Concord St, San Francisco,CA,94112,4,3.0,2400,885690,2,"[1.805189921022941, 0.67970791492235494]"
15154182,1463 Thomas Ave, San Francisco,CA,94124,6,3.0,995,702693,1,"[0.74840165475742759, 0.53926994079252821]"
15177816,125 Lapham Way, San Francisco,CA,94112,2,1.0,1055,843291,1,"[0.79353140278300116, 0.64716951448338311]"
79845037,1587 15th St APT 404, San Francisco,CA,94103,2,1.0,919,874209,1,"[0.69123730725836774, 0.6708970143011177]"
15072786,1998 Broadway APT 1502, San Francisco,CA,94109,1,1.0,700,821383,1,"[0.52651372696502441, 0.63035658783848603]"
63196473,1050 N Point St APT 508, San Francisco,CA,94109,1,1.0,0,1253745,1,"[0.0, 0.96216554301654966]"
52273849,219 Brannan St UNIT 2H, San Francisco,CA,94107,2,2.0,1206,1563521,3,"[0.90710793531402778, 1.1998979313837972]"
2098636731,Residence 3 Plan, LUMINA San Francisco,CA,94105,2,2.0,1366,1469609,3,"[1.0274539300488905, 1.1278267442797447]"
2098008405,123 Corwin St # C, San Francisco,CA,94114,3,2.0,1609,1468545,3,"[1.2102294095524633, 1.1270101953501221]"
15107139,1563 28th Ave, San Francisco,CA,94122,4,3.0,2920,1443645,2,"[2.196314403911245, 1.1079011085572639]"
2098010833,4660-62 18th St, San Francisco,CA,94114,8,8.0,0,1853255,1,"[0.0, 1.422249423465805]"
15078220,457 Fulton St, San Francisco,CA,94102,2,2.0,1506,1602133,3,"[1.1327566754418954, 1.2295300622772045]"
2099430841,Residence F1 Plan, Summit 800 San Francisco,CA,94132,3,2.5,2249,1466042,2,"[1.6916133884919142, 1.1250893100391774]"
82786533,325 Berry St APT 302, San Francisco,CA,94158,2,2.0,1589,1755816,4,"[1.1951861602106055, 1.3474714994493666]"
15064594,1150 Lombard St APT 35, San Francisco,CA,94109,3,2.5,1854,2803268,4,"[1.3945092139902218, 2.1513209444033015]"
2098024875,2017 Powell St, San Francisco,CA,94133,0,0.0,3990,2763987,2,"[3.0011282437006392, 2.1211754006960617]"
15155224,2144 Bay Shore Blvd, San Francisco,CA,94134,2,1.0,800,698055,1,"[0.60172997367431369, 0.5357105855899067]"
2098636729,Residence 4 Plan, LUMINA San Francisco,CA,94105,2,2.0,1401,1566043,3,"[1.0537796163971418, 1.2018333979256279]"
61325260,20 Arco Way, San Francisco,CA,94112,3,2.5,1762,1155041,3,"[1.3253102670176757, 0.88641681599637767]"
2098035539,1688 Pine St # W407, San Francisco,CA,94109,2,2.0,1164,1491740,3,"[0.87551711169612634, 1.1448108085292525]"
2098035538,1688 Pine St # W901, San Francisco,CA,94109,2,2.0,955,1331508,3,"[0.71831515607371188, 1.0218434513006074]"
15117826,2135 24th Ave, San Francisco,CA,94116,3,2.0,1162,1175738,3,"[0.87401278676194061, 0.90230038103058607]"
111710873,16 Jessie St APT 304, San Francisco,CA,94105,2,2.0,1046,1435072,3,"[0.78676194057916504, 1.1013219036948072]"
89237919,425 1st St UNIT 4504, San Francisco,CA,94105,1,1.0,605,914289,1,"[0.45505829259119968, 0.70165573713877871]"
15135465,266 Juanita Way, San Francisco,CA,94127,4,3.0,3009,2462232,2,"[2.2632568634825123, 1.8895985940623692]"
15066509,524-526 Vallejo St, San Francisco,CA,94133,4,6.0,2420,2631759,2,"[1.8202331703647987, 2.0196992429271439]"
15131097,74 Farview Ct, San Francisco,CA,94131,2,1.0,1128,1097584,3,"[0.8484392628807822, 0.84232240636355615]"
15131661,616-618 Diamond St, San Francisco,CA,94114,2,1.0,2764,2184226,2,"[2.0789770590447536, 1.676247558603118]"
15067429,3 Mccormick St, San Francisco,CA,94109,2,2.0,1496,1973571,4,"[1.1252350507709665, 1.5145839169023325]"
2098183168,E1105 Plan, Rockwell San Francisco,CA,94109,1,1.0,690,950450,1,"[0.51899210229409554, 0.72940688924787711]"
15081441,3249 Jackson St, San Francisco,CA,94118,6,5.0,5627,8989514,0,"[4.2324182023317034, 6.8988515362094169]"
15147436,1 Rausch St APT A, San Francisco,CA,94103,1,2.0,1044,1010385,3,"[0.78525761564497931, 0.77540299836153004]"
15144457,562 Sanchez St, San Francisco,CA,94114,3,4.0,4000,3910591,0,"[3.0086498683715681, 3.0011173827457993]"
119685501,5800 3rd St UNIT 1211, San Francisco,CA,94124,1,1.0,817,632776,1,"[0.61451673561489284, 0.48561331343123221]"
15151972,1221 San Bruno Ave, San Francisco,CA,94110,2,1.0,1005,958789,1,"[0.75592327942835646, 0.73580651474047321]"
2098085721,3039-41 California St, San Francisco,CA,94115,0,0.0,3852,1831445,2,"[2.8973298232418201, 1.4055117052749522]"
2104833493,425 1st St, San Francisco,CA,94105,1,2.0,819,1526950,1,"[0.61602106054907857, 1.1718321316608404]"
2098087502,534 25th Ave, San Francisco,CA,94121,0,0.0,5091,2560343,0,"[3.8292591199699135, 1.9648922331922536]"
2098089874,2693 22nd St, San Francisco,CA,94110,0,0.0,4050,3976561,0,"[3.0462579917262129, 3.0517449512488057]"
2098093137,2697 22nd St # 1, San Francisco,CA,94110,3,2.0,1295,1387532,3,"[0.97405039488529521, 1.064838129151334]"
2098096943,2695 22nd St # 1, San Francisco,CA,94110,3,2.0,1399,1408784,3,"[1.0522752914629561, 1.0811476196140579]"
15107183,1539 29th Ave, San Francisco,CA,94122,5,5.0,2875,1403602,2,"[2.1624670928920646, 1.0771707807481705]"
80741786,385 10th St APT 7, San Francisco,CA,94103,1,1.0,602,659220,1,"[0.45280180518992103, 0.50590731709188863]"
82785897,1160 Mission St UNIT 1206, San Francisco,CA,94103,2,2.0,1146,1312655,3,"[0.86197818728845432, 1.0073750330955569]"
64972752,355 1st St PH 2703, San Francisco,CA,94105,2,2.0,1480,2000492,4,"[1.1132004512974802, 1.535243986201551]"
15151914,1183-1185 Hampshire St, San Francisco,CA,94110,5,4.0,2180,1383521,2,"[1.6397141782625047, 1.0617599545679544]"
15199505,18 Jade Pl, San Francisco,CA,94131,5,5.0,3550,3006080,2,"[2.6701767581797666, 2.3069656074809388]"
111710950,301 Mission St APT 19A, San Francisco,CA,94105,2,2.0,1469,1788383,4,"[1.1049266641594584, 1.3724644966213753]"
15066065,1925 Leavenworth St APT 4, San Francisco,CA,94133,1,1.0,534,642811,1,"[0.40165475742760437, 0.49331450563871548]"
80744446,701 Minna St APT 17, San Francisco,CA,94103,2,3.0,1778,1310568,3,"[1.337344866491162, 1.0057733999976977]"
71713737,50 Lansing St UNIT 604, San Francisco,CA,94105,2,2.0,1066,1204769,3,"[0.8018051899210229, 0.92457973439136787]"
2098108886,83 Panorama Dr, San Francisco,CA,94131,3,5.0,3208,1936416,2,"[2.4129371944339977, 1.486069936187929]"
111930151,301 Mission St APT 6A, San Francisco,CA,94105,2,2.0,1479,1799192,4,"[1.1124482888303873, 1.3807596821291666]"
15064106,220 Lombard St APT 823, San Francisco,CA,94111,3,2.0,1817,1984199,4,"[1.3666792027077848, 1.5227401970001035]"
15144415,120 Hartford St, San Francisco,CA,94114,4,3.0,2447,2675952,2,"[1.8405415569763068, 2.0536144185350467]"
2106821447,1725 Kearny St APT 1, San Francisco,CA,94133,3,4.0,2450,3517831,4,"[1.8427980443775855, 2.69970031733363]"
2098118196,1979 Ofarrell St APT B, San Francisco,CA,94115,2,1.0,875,736440,1,"[0.65814215870628057, 0.56516850914588523]"
111922444,301 Mission St APT 6D, San Francisco,CA,94105,1,1.0,789,1047120,1,"[0.59345618653629184, 0.80359465713002998]"
80746401,370 De Haro St # TB5, San Francisco,CA,94103,1,2.0,1180,1113662,3,"[0.88755171116961262, 0.85466119742602897]"
89239041,300 Berry St UNIT 201, San Francisco,CA,94158,2,1.0,917,1116178,1,"[0.68973298232418201, 0.8565920593686327]"
59700600,1800 Bryant St STE 106, San Francisco,CA,94110,1,2.0,778,859810,1,"[0.58518239939826999, 0.65984674358905482]"
2135966161,56 Sanchez St APT 3, San Francisco,CA,94114,1,1.0,0,649209,1,"[0.0, 0.49822454328131416]"
15093792,558 27th Ave, San Francisco,CA,94121,2,1.0,1160,1061009,3,"[0.87250846182775477, 0.81425353690778135]"
15077373,1979B Ofarrell St # 10, San Francisco,CA,94115,2,1.0,875,751742,1,"[0.65814215870628057, 0.5769117720416409]"
2106364114,2136 Broderick St, San Francisco,CA,94115,0,0.0,6585,7437396,0,"[4.9529898458066945, 5.7077046456569036]"
53153375,767 Corbett Ave APT 1, San Francisco,CA,94131,2,3.0,1207,1307412,3,"[0.90786009778112065, 1.0033513808041932]"
15124164,2542 42nd Ave, San Francisco,CA,94116,2,1.0,1000,943161,1,"[0.75216246709289203, 0.72381306862003991]"
15193183,371 Victoria St, San Francisco,CA,94132,2,1.0,1050,783537,1,"[0.78977059044753661, 0.60131231077975045]"
15105275,1466 25th Ave, San Francisco,CA,94122,3,3.0,1920,1324770,3,"[1.4441519368183526, 1.0166724863684677]"
2098129870,98 Broderick St # 98, San Francisco,CA,94117,1,1.0,800,875920,1,"[0.60172997367431369, 0.67221009251407282]"
2098130464,2808 Folsom St, San Francisco,CA,94110,0,0.0,5040,3327877,0,"[3.7908988341481757, 2.5539233103998709]"
2098131113,991 Haight St, San Francisco,CA,94117,3,3.0,1600,1452603,3,"[1.2034599473486274, 1.1147757752034657]"
83153434,55 Page St APT 513, San Francisco,CA,94102,2,2.0,1037,1313874,3,"[0.77999247837532903, 1.0083105341718821]"
15198472,139 S Lake Merced Hls APT 1D, San Francisco,CA,94132,2,2.0,1384,759627,3,"[1.0409928544565625, 0.58296298285937931]"
2098135782,198 Coleman St, San Francisco,CA,94124,3,2.5,1285,1291115,3,"[0.96652877021436623, 0.99084452186992777]"
2102398145,4479 Mission St, San Francisco,CA,94112,0,0.0,0,937340,1,"[0.0, 0.71934583993645651]"
15069446,631 Ofarrell St APT 610, San Francisco,CA,94109,0,1.0,520,478567,1,"[0.39112448288830387, 0.36726820639348601]"
15172243,878 Goettingen St, San Francisco,CA,94134,2,1.0,1025,731826,1,"[0.77096652877021432, 0.56162757234017247]"
2129682652,170 Pacific Ave APT 21, San Francisco,CA,94111,3,3.0,1993,2391159,4,"[1.4990597969161339, 1.8350548139166336]"
89237483,733 Front St UNIT 508, San Francisco,CA,94111,2,2.0,1459,1203857,3,"[1.0974050394885295, 0.92387983530883433]"
2098153663,3201 Mission St, San Francisco,CA,94110,0,0.0,10494,3749317,0,"[7.8931929296728089, 2.8773503601180312]"
2098158072,989 Haight St, San Francisco,CA,94117,3,3.0,1750,1381881,3,"[1.3162843174125611, 1.0605013641125209]"
2121227871,80 Retiro Way APT 3, San Francisco,CA,94123,1,1.0,800,949023,1,"[0.60172997367431369, 0.72831176206500925]"
2098159834,3953 24th St # C2, San Francisco,CA,94114,0,0.0,490,448856,1,"[0.36855960887551709, 0.34446699845362211]"
2098159833,3953 24th St # C1, San Francisco,CA,94114,0,0.0,1306,753484,3,"[0.98232418202331706, 0.57824864068393644]"
15078080,1390 Mcallister St, San Francisco,CA,94115,3,2.0,1711,1771616,4,"[1.2869499811959384, 1.3595969440809794]"
2098169578,4662 18th St, San Francisco,CA,94114,4,3.5,2403,3016832,4,"[1.8074464084242197, 2.3152170492960717]"
15129997,498 Corbett Ave, San Francisco,CA,94114,4,3.5,2850,2499809,2,"[2.1436630312147424, 1.9184364315890856]"
2103068387,1541 Filbert St APT 3, San Francisco,CA,94123,3,2.0,1350,1652516,3,"[1.0154193305754042, 1.2681956494211635]"
2098171100,195 Brewster St, San Francisco,CA,94110,3,3.0,0,2649228,4,"[0.0, 2.0331055335771211]"
2098177141,2620 Sutter St # 1/2, San Francisco,CA,94115,2,2.0,0,1591512,1,"[0.0, 1.2213791542118653]"
2098177212,2844 2850 Cabrillo St, San Francisco,CA,94121,0,0.0,3375,2483948,2,"[2.5385483264385105, 1.9062641735319961]"
