29486291,7506 Bender Dr, Austin,TX,78749,3,3,1537,248096
29369534,7001 Danwood Dr, Austin,TX,78759,3,3,1918,378515
62606897,2632 Century Park Blvd UNIT 41, Austin,TX,78727,2,3,1553,174491
29437761,1117 Porterfield Dr, Austin,TX,78753,3,3,2419,210605
89552537,360 Nueces St APT 1010, Austin,TX,78701,1,1,715,373196
29487500,8905 Colberg Dr, Austin,TX,78749,4,3,2473,385197
2097545835,1008 Muse Ln # 14, Austin,TX,78702,3,3,1627,Unavailable
83126303,8701 Escarpment Blvd APT 142, Austin,TX,78749,2,2,1415,269253
83827138,14009 Lake View Dr, Austin,TX,78732,4,4.5,3415,474397
97847945,800 Walnut Creek Dr, Austin,TX,78753,3,3,2124,Unavailable
29374485,10710 Fountainbleu Cir, Austin,TX,78750,4,2,2972,512433
29355971,6800 Ladera Norte, Austin,TX,78731,4,4,3354,771242
119617136,7635 Evening Sky Cir # G-11, Austin,TX,78735,3,3,2276,352938
2098899299,539 Plan, Belterra Austin,TX,78737,4,3,2463,357236
29386816,1206 Angelina St, Austin,TX,78702,1,1,448,238864
29429863,9304 Hunters Trce, Austin,TX,78758,3,2,1230,204522
111370865,2124 Williston Loop, Austin,TX,78748,4,3,2084,Unavailable
29388851,1145 Nickols Ave, Austin,TX,78721,3,2,1215,275869
70337310,11800 Eagles Glen Dr, Austin,TX,78732,5,4,4935,852047
83813736,13408 Bullick Hollow Rd, Austin,TX,78726,3,2,1649,400572
2097553570,1806 Piedmont Ave # A, Austin,TX,78757,3,3,1718,Unavailable
2097553800,406 N Pleasant Valley Rd, Austin,TX,78702,3,3,1917,Unavailable
29491390,5711 Marchmont Ln, Austin,TX,78749,4,2,2297,339518
2097554002,1601 E Slaughter Ln # 5555, Austin,TX,78747,3,2,1116,Unavailable
2097554457,1806 Piedmont Ave # B, Austin,TX,78757,2,2,846,Unavailable
89550153,9012 Tall Sky Trce, Austin,TX,78724,4,3,2668,203263
80092807,1101 Grove Blvd APT 401, Austin,TX,78741,2,3,1088,223995
89549462,2508 Alleyton Cv, Austin,TX,78725,3,2,1755,301721
80101099,10813 Desert Willow Loop, Austin,TX,78748,3,2,1701,268867
2097554490,000 E Us Hwy # 290, Austin,TX,78724,0,0,0,Unavailable
80104805,11502 Bruce Jenner Ln, Austin,TX,78748,3,3,1422,223107
29474977,907 Juanita St, Austin,TX,78704,5,5,3122,1278000
2097568356,1904 Goodrich Avenue 17 # 17, Austin,TX,78704,3,3,--,Unavailable
58316861,907 Minturn Ln, Austin,TX,78748,3,2,1315,222727
125914950,1401 Quinlan Park Rd, Austin,TX,78732,0,0,0,Unavailable
29351770,5903 Cartwright Cv, Austin,TX,78731,3,2,2290,482114
2097555861,3812 Wadford St # B, Austin,TX,78704,3,3,1934,Unavailable
2097555863,3812 Wadford St # A, Austin,TX,78704,3,3,1892,Unavailable
80087262,2308 Enfield Rd APT 105, Austin,TX,78703,1,1,844,249902
124844634,2007 Sl Davis Ave APT A, Austin,TX,78702,3,2.5,2005,507060
29427839,200 Etta Pl, Austin,TX,78753,2,2,1220,163035
29463760,2500 Burleson Rd APT 218, Austin,TX,78741,1,1,535,115786
2097556939,522 Sunny Ln # A, Austin,TX,78704,3,3,1590,Unavailable
29462585,14511 Fitzgibbon Dr, Austin,TX,78725,3,2,1499,148336
29422993,3509 Greystone Dr, Austin,TX,78731,2,2,904,156819
58299916,5824 Brittlyns Ct, Austin,TX,78730,5,4,3096,547712
29403160,4110 Avenue B, Austin,TX,78751,3,3,1967,684686
70326581,5407 Agatha Cir, Austin,TX,78724,3,3,1646,343170
29333118,3209 Winding Creek Dr, Austin,TX,78735,4,5,3933,1031965
2097558296,PR 5832 LOT 7, Donie,TX,75838,0,0,0,Unavailable
29370675,9503 Winding Oak Trl, Austin,TX,78750,4,2,2315,439125
2098857533,Plan E-1591 Plan, The Trails at Stoney Ridge Del Valle,TX,78617,3,2,1591,188036
2097559809,1010 S Quinlan Park Rd APT 1, Austin,TX,78732,1,1,1348,Unavailable
2097559807,1010 S Quinlan Park Rd APT 6, Austin,TX,78732,1,1,1218,Unavailable
29323497,4509 Foster Ranch Rd, Austin,TX,78735,4,3,3297,574198
89550477,2210 Onion Creek Pkwy UNIT 1102, Austin,TX,78747,2,3,2078,252422
29408575,2910 Loyola Ln, Austin,TX,78723,5,3,2030,363240
58311708,8068 Thaxton Rd, Austin,TX,78747,3,2,1425,166866
29516450,10917 Crown Colony Dr, Austin,TX,78747,2,2,1415,208887
89547736,1901 New York Ave # A, Austin,TX,78702,3,3,1562,409338
2100932960,Unit 7 Plan, The Griffin Austin,TX,78703,2,2.5,1325,576963
63228206,1725 Bowerton Dr, Austin,TX,78754,3,2,1924,215706
125889935,Skyline Dr, Austin,TX,78732,0,0,0,Unavailable
58317042,717 Shiny Rock Dr, Austin,TX,78748,3,2,--,233795
80107203,5800 Zachary Scott St, Austin,TX,78747,3,2,1436,191422
83815720,507 Sabine St APT 1004, Austin,TX,78701,1,1,728,310899
83819418,2020 S Congress Ave APT 2223, Austin,TX,78704,1,1,650,178168
125804459,13509 Montview Dr, Austin,TX,78732,0,0,0,Unavailable
29466075,Eva St, Del Valle,TX,78617,0,0,0,Unavailable
29415953,5907 Bullard Dr, Austin,TX,78757,3,2,1745,508355
63836864,4902 Duval Rd APT Q1, Austin,TX,78727,2,1,916,153367
29388799,1185 Springdale Rd, Austin,TX,78721,3,3,1750,Unavailable
29516219,10913 River Plantation Dr, Austin,TX,78747,4,2,2477,377311
29478760,403 Krebs Ln, Austin,TX,78704,3,1,1015,344102
58312363,3815 Manchaca Rd APT 40, Austin,TX,78704,2,2,948,215262
29427481,8906 Covey Ct, Austin,TX,78758,4,2,2300,253823
70334894,9320 Manipari Ln, Austin,TX,78749,4,4,3000,422500
29487195,6441 Clay Allison Pass, Austin,TX,78749,3,3,1668,301383
2099140990,Rosemont Plan, Austin's Colony Austin,TX,78725,3,2,1599,175292
2097569936,1116 Euphoria Bnd, Austin,TX,78702,3,3,1700,Unavailable
2097569955,1114 Euphoria Bnd, Austin,TX,78702,3,3,1700,Unavailable
2097569982,1006 Muse Ln, Austin,TX,78702,3,3,1627,Unavailable
29498146,7900 Keswick Dr, Austin,TX,78745,3,2,1685,278070
2101272719,Hyde Plan, Saratoga Hills Dripping Springs,TX,78737,4,3.5,3599,606204
63838846,1507 Strickland Dr, Austin,TX,78748,4,3,1992,233506
80096300,703 Marc Taylor Dr, Austin,TX,78745,4,3,2875,331282
29495551,7904 Turquoise Trl, Austin,TX,78749,3,2,1441,255750
70348400,5617 Steven Creek Way, Austin,TX,78721,3,2,1436,264957
29444615,3809 Northfield Rd, Austin,TX,78727,3,2,1610,278907
55091641,8230 Spicewood Springs Rd APT 11, Austin,TX,78759,4,3,2472,451050
80096228,5604 Kleberg Trl, Austin,TX,78747,3,2,1493,195300
29403304,4307 Avenue C, Austin,TX,78751,3,2,1096,475050
29346361,4724 Palisade Dr, Austin,TX,78731,3,2,2370,636613
29385242,2002 E 9th St, Austin,TX,78702,3,1,1384,353400
2111424401,Holden Plan, Preston Village Austin,TX,78728,3,2.5,1785,264826
2097571537,1700 Perez St # A, Austin,TX,78721,3,3,1330,Unavailable
2101762883,3502 Red River St, Austin,TX,78705,4,3,3168,696570
80094016,1149 Nickols Ave, Austin,TX,78721,3,2,1372,312387
29322142,1904 Goodrich Ave APT 17, Austin,TX,78704,3,3,1304,293717
84077009,228 Limestone Trl, Austin,TX,78737,3,3,2299,297507
2097573017,11101 Cusseta Ln, Austin,TX,78739,5,4,4237,Unavailable
2097573142,1306 West Ave # 3B, Austin,TX,78701,2,2,1129,Unavailable
2097573141,1306 West Ave # 3D, Austin,TX,78701,2,2,1129,Unavailable
2097573143,1306 West Ave # 1A, Austin,TX,78701,1,1,756,Unavailable
80100789,2320 Gracy Farms Ln APT 925, Austin,TX,78758,1,1,668,116157
80100250,2320 Gracy Farms Ln APT 926, Austin,TX,78758,1,1,668,116157
64767100,604 W Live Oak St, Austin,TX,78704,3,3,2402,767250
124843697,2807 Del Curto Rd UNIT K, Austin,TX,78704,3,4,2866,650990
29402721,6506 Highpoint Cv, Austin,TX,78723,3,2,1400,260400
29397807,2816 Wooldridge Dr, Austin,TX,78703,3,2,2056,724470
29394253,806 W 24th St APT 210, Austin,TX,78705,2,2,904,279000
29356859,10908 Range View Dr, Austin,TX,78730,5,6,4436,743070
2097573947,2016 Rabb Glen St # A, Austin,TX,78704,3,2.5,2001,Unavailable
29438418,4413 Malaga Dr, Austin,TX,78759,3,2.5,2385,444540
2098637380,Bedford Plan, Addison Austin,TX,78744,3,2,1693,243380
29461354,14503 Rumfeldt St, Austin,TX,78725,3,2,1778,154421
2097899928,The Rushmore Plan, Highmark Austin,TX,78745,3,3,2190,278293
2100013070,Sandalwood Plan, Austin's Colony Austin,TX,78725,3,2.5,2087,188831
2097575447,1306 West Ave # 2G, Austin,TX,78701,1,1,731,Unavailable
2097575560,1002 S Center St # A, Austin,TX,78704,3,3,1779,Unavailable
29415853,5206 Coppermead Ln, Austin,TX,78754,4,2.5,1385,176718
58299151,8403 Andrews Ln, Austin,TX,78759,3,2.5,2031,315269
29422334,8012 Burrell Dr, Austin,TX,78757,4,3,1791,352483
2097899950,The Boardwalk Plan, Highmark Austin,TX,78745,3,3,2192,278987
70337390,11412 Woodland Hills Trl, Austin,TX,78732,2,3,2508,445469
29377431,11415 Dosshills Dr, Austin,TX,78750,4,3,2637,491969
64547883,7708 San Felipe Blvd APT 59, Austin,TX,78729,2,3,1512,199949
62605674,5403 Loadstone Cv, Austin,TX,78724,3,2,1096,176593
58316129,714 Wales Way, Austin,TX,78748,2,1,854,190649
66991280,13510 Broadmeade Ave, Austin,TX,78729,3,3,2524,331367
29492233,9112 Heiden Ln, Austin,TX,78749,3,2,1690,331883
29466428,4502 Franklin Park Dr, Austin,TX,78744,3,2,1480,162932
29322795,2700 Rock Terrace Dr, Austin,TX,78704,3,2,1798,668762
29449434,14812 Great Willow Dr, Austin,TX,78728,3,2,1295,223199
29484465,7901 Cheno Cortina Trl, Austin,TX,78749,3,2,1709,305816
29593887,14909 Cordero Dr, Austin,TX,78717,4,3,2732,286778
70334739,8011 Running Water Dr, Austin,TX,78747,4,3,2711,223198
29407399,2804 Northeast Dr, Austin,TX,78723,Studio,--,2640,Unavailable
29499754,9212 Struie Ln, Austin,TX,78749,4,3,2069,313044
2098113633,B1 Plan, The Grove Austin,TX,78723,2,2.5,1334,306262
2098183217,Riverside Plan, Pearson Place at Avery Ranch - The Cottages Austin,TX,78717,3,2.5,1759,323698
58313527,7501 Shadowridge Run UNIT 113, Austin,TX,78749,2,2,1257,191548
2098857584,A-1792 Plan, Retreat at Tech Ridge Austin,TX,78753,3,2,1792,245946
62605256,11603 Ladera Vista Dr UNIT 22, Austin,TX,78759,2,3,1774,347529
29479265,7303 Whispering Creek Cir, Austin,TX,78736,4,--,2616,354293
70346087,11801 Via Grande Dr, Austin,TX,78739,4,3,2995,403735
2097582793,10422 Turnbull Loop, Austin,TX,78717,3,3,2151,Unavailable
2097582792,10424 Turnbull Loop, Austin,TX,78717,3,3,1864,Unavailable
80103752,2502 Wilma Rudolph Rd, Austin,TX,78748,3,3,1467,241548
29371991,8112 Greenwich Meridian, Austin,TX,78759,4,3,1896,417576
29326958,3627 Peregrine Falcon Dr, Austin,TX,78746,3,3,2004,581323
58298514,4159 Steck Ave APT 148, Austin,TX,78759,2,2,1056,185069
58315254,6211 Mesa Grande, Austin,TX,78749,5,4,3267,423741
2098899314,201 Plan, Belterra Austin,TX,78737,4,2,2435,353286
29496461,5309 Korth Dr, Austin,TX,78749,4,3,2401,376406
63761223,6801 Beckett Rd UNIT 137R, Austin,TX,78749,2,2,1027,214053
29490451,4308 Molokai Dr, Austin,TX,78749,3,2.5,2245,274499
70343565,2010 Stephanne Creek Cv, Austin,TX,78744,4,3,2269,246202
122189125,301 Emma Loop, Austin,TX,78737,4,4,3511,489339
83814101,4502 Best Way, Austin,TX,78725,3,3,1300,148707
64543213,6705 Tanaqua Cv, Austin,TX,78739,4,4,3794,536033
83825147,1809 Ford St, Austin,TX,78704,6,4,2338,639234
29609692,14411 Olive Hill Dr, Austin,TX,78717,4,3,3180,381299
84129990,153 Mallard Cv, Austin,TX,78737,4,4,4338,482653
64857307,2600 Rio Mesa Dr, Austin,TX,78732,5,4,3706,497382
67388591,301 Palisade Dr, Austin,TX,78737,4,4,3438,406920
70327261,2006 Alta Vista Ave, Austin,TX,78704,4,3,3020,1051652
2098105794,Avalon Plan, Ridgeview Austin,TX,78737,4,3,2967,446113
60138945,11401 Chatam Berry Ln, Austin,TX,78748,3,3,2409,257089
29359103,10053 Planters Woods Dr, Austin,TX,78730,4,3,2562,441978
29475591,4800 Eagle Feather Dr, Austin,TX,78735,4,3,2980,622138
64818603,7012 Encanto Trl, Austin,TX,78744,3,2,1343,Unavailable
29492006,6900 Gaur Dr, Austin,TX,78749,4,2,2049,334341
29347784,6501 E Hill Dr APT 304, Austin,TX,78731,2,2,1037,181409
29513084,712 Sly Pass, Austin,TX,78748,3,2,1284,209249
29512760,713 Shade Tree Dr, Austin,TX,78748,3,2,1232,213334
29422350,8201 Polar Dr, Austin,TX,78757,4,1,1510,323044
29514460,2213 Desco Dr, Austin,TX,78748,4,3,2586,275302
29416961,1912 Karen Ave, Austin,TX,78757,3,2,1099,395151
2097899962,The Rushmore Plan, Highmark Austin,TX,78745,3,3,2190,278293
29424532,7801 Shoal Creek Blvd APT 125, Austin,TX,78757,2,1,779,150748
29338637,3308 Bryker Dr, Austin,TX,78703,3,2,1793,771345
2097592244,8108 Baywood Dr # A, Austin,TX,78759,2,2,1162,Unavailable
29372901,10201 Holme Lacey Ln, Austin,TX,78750,3,3,2923,556046
29513046,10500 Watchful Fox Dr, Austin,TX,78748,3,3,1690,222747
29349678,5805 Sandalwood Holw, Austin,TX,78731,3,3,2162,534749
84130752,237 Mountain Laurel Way, Austin,TX,78737,3,2,2273,315269
2097592908,5202 Evans Ave # A, Austin,TX,78751,3,2,1232,Unavailable
29505315,6512 Orchard Hill Dr, Austin,TX,78739,4,2,2094,381207
58316687,8612 Kimono Ridge Dr, Austin,TX,78748,4,2,2332,278871
125822500,5609 Arbor Hill Ln, Austin,TX,78747,4,3,2371,255749
29382730,1605 Garden St, Austin,TX,78702,3,4,2078,705593
114406413,3404 Georgia Lee Dr, Austin,TX,78704,2,3,1490,395066
29492766,6318 Shadow Bnd, Austin,TX,78745,2,1,880,199934
2100013067,Mallory Plan, Austin's Colony Austin,TX,78725,4,2,2430,220383
124903348,5111 Crestway Dr, Austin,TX,78731,4,5,3450,1162499
2101467989,14002 Skyline Dr, Austin,TX,78732,0,0,0,Unavailable
29460224,2215 Post Rd APT 1088, Austin,TX,78704,2,2,928,232545
2097899966,The Williamsburg Plan, Highmark Austin,TX,78745,3,3,1769,255970
83126141,2525 S Lamar Blvd APT 308, Austin,TX,78704,1,1,861,330190
83126577,2700 Bear Springs Trl, Austin,TX,78748,4,3,3901,559539
2097596110,7435 Sunset Heights Cir # F-1, Austin,TX,78735,3,3,2276,334869
29558139,12506 Oro Valley Trl, Austin,TX,78729,4,3,2323,302308
29432300,10501 Parkfield Dr, Austin,TX,78758,3,2,1674,255942
29493420,6811 Cannonleague Dr, Austin,TX,78745,3,2,1423,219791
125803598,Haskel Dr, Austin,TX,78736,0,0,0,Unavailable
2097597236,7635 Evening Sky Cir, Austin,TX,78735,3,3,2276,330207
29418928,1704 Aggie Ln, Austin,TX,78757,3,1,1202,418499
29346333,4509 Small Dr, Austin,TX,78731,4,4,3797,1208069
110539396,904 West Ave APT 206, Austin,TX,78701,1,1,659,296774
29434122,1742 Cricket Hollow Dr, Austin,TX,78758,3,2,1459,242441
29513076,10500 Archdale Dr, Austin,TX,78748,3,2,1478,200404
70343634,2304 National Park Blvd, Austin,TX,78747,4,3,2269,260471
58298541,4159 Steck Ave APT 175, Austin,TX,78759,2,2,1002,176042
80096900,2121 Buffalo Tundra Dr, Austin,TX,78754,3,2.5,1745,213797
122187688,546 Whispering Wind Way, Austin,TX,78737,4,3,2915,412411
29514462,2205 Desco Dr, Austin,TX,78748,4,3,2531,255747
29366749,7501 Blue Beach Cv, Austin,TX,78759,4,4,3429,713330
29410477,4612 Chiappero Trl, Austin,TX,78731,3,2,1647,400219
29403368,202 E 45th St APT 203, Austin,TX,78751,1,1,662,206168
29388042,1119 Mark St # D, Austin,TX,78721,2,1,720,278095
60138509,6433 Tara Dr, Austin,TX,78747,3,3,1736,195299
2099240566,Alexander Plan, Oaks at Lakeline Station Austin,TX,78717,3,2.5,1864,283279
2098113629,C1 Plan, The Grove Austin,TX,78723,3,3,1704,342146
29506220,1303 Cattle Trl, Austin,TX,78748,4,3,1909,246411
29514030,10615 Marias River Dr, Austin,TX,78748,3,2,1115,181120
29401502,4407 Duval St, Austin,TX,78751,4,2,2092,472039
2142506604,1607 S 3rd St, Austin,TX,78704,3,3,2354,683986
29514052,704 Maltese Cross Dr, Austin,TX,78748,3,2,1047,204051
119628983,11601 Satchel Dr, Austin,TX,78754,3,2,1601,214966
70343193,8709 Davis Oaks Trl, Austin,TX,78748,3,3,1699,209249
29486605,5704 Kayview Dr, Austin,TX,78749,3,2,1573,306582
29409861,1408 Hillcrest Dr, Austin,TX,78723,3,2,1537,321075
29486605,5704 Kayview Dr, Austin,TX,78749,3,2,1573,306582
2098899300,207 Plan, Belterra Austin,TX,78737,5,3,3340,388712
2098362620,4523 Avenue H # A, Austin,TX,78751,2,1,1725,465689
70332651,3309 Tavistock Dr, Austin,TX,78748,4,3,2310,302249
125251513,12940 Old Baldy Trl, Dripping Springs,TX,78620,1,2,2200,482344
29388621,2613 Sol Wilson Ave, Austin,TX,78702,3,2,1093,322140
29338030,1887 Westlake Dr, Austin,TX,78746,4,4,4631,3673499
29381652,2602 Canterbury St, Austin,TX,78702,3,2,1056,394488
29386159,1916 E 11th St, Austin,TX,78702,3,2.5,2328,545552
2097607359,3819 Southway Dr APT 205, Austin,TX,78704,2,1,809,343554
2097607358,3819 Southway Dr APT 107, Austin,TX,78704,1,1,420,350661
80084841,450 Manchester Ln, Austin,TX,78737,4,3,2602,325414
64458055,7704 Marble Crest Dr, Austin,TX,78747,3,3,2228,199832
80093328,7012 Derby Downs Dr, Austin,TX,78747,3,3,1788,195299
119630668,512 Eberhart Ln APT 504, Austin,TX,78745,2,2,1010,185069
29484199,5923 Shanghai Pierce Rd, Austin,TX,78749,3,3,1810,324184
2097608238,7413 Wallach St, Austin,TX,78745,3,3,1918,302190
29444382,12509 Phoebe Ct, Austin,TX,78727,3,2,1484,278985
2097608687,98 San Jacinto Blvd # 1205, Austin,TX,78701,2,2,1471,1201110
2101272687,Kylie Plan, Saratoga Hills Dripping Springs,TX,78737,3,3.5,3173,544614
29488922,4325 Dos Cabezas Dr, Austin,TX,78749,3,3,2526,302440
80092363,324 Hogg Pecan Pass, Austin,TX,78748,3,3,2593,302473
89548623,1409 Canopy Creek Way, Austin,TX,78748,3,3,1944,Unavailable
29425667,1304 Warrington Dr, Austin,TX,78753,3,2,1388,203779
29425687,10200 Woodglen Cv, Austin,TX,78753,3,2,1312,223284
2099240571,Sienna Plan, Oaks at Lakeline Station Austin,TX,78717,3,2.5,2151,329756
79981647,2320 Gracy Farms Ln APT 224, Austin,TX,78758,1,1,791,106743
2098636643,Two Bedroom Plan D2 Plan, Fourth& Austin,TX,78702,2,2,1071,463323
2098857534,Plan E-1516 Plan, The Trails at Stoney Ridge Del Valle,TX,78617,3,2,1516,187220
111371031,9213 Southwick Dr, Austin,TX,78724,3,2,1207,Unavailable
29403530,4523 Avenue H, Austin,TX,78751,4,2,1725,461161
111965843,218 Wild Rose Dr, Austin,TX,78737,4,3,3015,410415
70326340,5307 Delores Ave, Austin,TX,78721,3,2,1495,305910
29493969,3311 Harpers Ferry Ln, Austin,TX,78745,4,2,1777,244254
125808156,4917 Sunset Trl, Austin,TX,78745,3,3,1792,440673
83813178,41 Waller St APT 305, Austin,TX,78702,2,1,936,292964
111968984,14815 Avery Ranch Blvd UNIT 3502, Austin,TX,78717,2,3,1393,181181
29482571,813 Emerald Wood Dr, Austin,TX,78745,2,2,864,227339
58297414,1003 Meriden Ln, Austin,TX,78703,4,4,3592,1208069
2098857538,Plan E-2412 Plan, The Trails at Stoney Ridge Del Valle,TX,78617,4,2.5,2412,217748
94642194,4308 Eilers Ave # B, Austin,TX,78751,3,3,2111,636735
2097616678,209 E 52nd St, Austin,TX,78751,2,3,935,314930
110539645,2303 E Side Dr APT 118, Austin,TX,78704,2,2,1115,225354
70343744,10325 Channel Island Dr, Austin,TX,78747,3,3,2684,274248
29348322,5823 Westslope Dr, Austin,TX,78731,4,4,4000,1086119
2098608389,Urban Walk Up Plan, Fourth& Austin,TX,78702,2,3,1413,534669
29421718,1710 Dungan Ln, Austin,TX,78754,3,1,1176,233401
29388840,1152 Nickols Ave, Austin,TX,78721,2,2,816,255661
64871775,7312 E Ben White Blvd STE 1, Austin,TX,78741,3,3,1342,190643
29384757,910 Calle Limon, Austin,TX,78702,3,2,1350,334050
2097623068,405 Cumberland Rd, Austin,TX,78704,0,0,0,Unavailable
2097623068,405 Cumberland Rd, Austin,TX,78704,0,0,0,Unavailable
29438917,1110 Briargate Dr, Austin,TX,78753,4,3,2234,231535
120895279,10121 Deer Chase Trl, Austin,TX,78747,3,3,1705,204124
64834647,6908 Hansa Loop, Austin,TX,78739,4,3,2750,424021
29384550,2817 Castro St, Austin,TX,78702,3,2,1104,395020
29384490,2609 Francisco St, Austin,TX,78702,3,4,2176,416717
2097623843,Harmony Plan, Addison Austin,TX,78744,4,3,2253,244366
2097623841,7408 Buchholz St, Austin,TX,78745,4,3,2253,316039
2101272718,Kensington Plan, Saratoga Hills Dripping Springs,TX,78737,4,3.5,3483,589647
80106892,5205 English Glade Dr, Austin,TX,78724,3,2,1442,195286
29407299,2203 Bristol Dr, Austin,TX,78723,3,1,978,242010
70343613,2109 Petrified Forest Dr, Austin,TX,78747,3,2.5,2342,255749
29494421,204 Craigmont Dr, Austin,TX,78745,3,1.5,962,Unavailable
60138174,14200 Sarah Ann Dr, Austin,TX,78725,4,2,2160,204984
29369200,5835 Secrest Dr, Austin,TX,78759,2,2,1439,325039
70344555,15109 Mimebark Way, Austin,TX,78724,4,2.5,1952,167284
29400682,700 E 43rd St, Austin,TX,78751,3,2,2368,886429
2097626223,1500 Catalan Rd, Austin,TX,78748,3,3,1736,244460
2100932552,Coleman Plan, Glencoe at Harris Branch Austin,TX,78754,4,2.5,2528,263096
2098435282,Garriot Plan, Searight Village Austin,TX,78748,3,2.5,2023,278215
79981945,300 Crockett St APT 304, Austin,TX,78704,3,2,1239,273165
29442857,12910 Irongate Ave, Austin,TX,78727,3,2,1368,228201
29372188,8807 Marybank Dr, Austin,TX,78750,4,3,2902,478086
2111424402,Everett Plan, Preston Village Austin,TX,78728,3,2,1278,231628
2098857581,A-2502 Plan, Retreat at Tech Ridge Austin,TX,78753,4,2.5,2502,282277
2097628683,310 Comal St # 307, Austin,TX,78702,1,1,631,383207
70339379,1713 Bowerton Dr, Austin,TX,78754,3,2,1889,232368
2097632145,604 N Bluff Dr UNIT 235, Austin,TX,78745,1,2,941,197168
29385237,2014 E 9th St, Austin,TX,78702,3,1,1380,343226
29382708,1406 Canterbury St, Austin,TX,78702,4,3,1691,513668
2098899305,206 Plan, Belterra Austin,TX,78737,4,3,3147,378859
29363280,8109 Bottlebrush Dr, Austin,TX,78750,5,3,3148,605244
29377616,11328 Monet Dr, Austin,TX,78726,4,3,2512,464880
29369818,11301 Deadoak Ln, Austin,TX,78759,4,3,2433,462860
2097634193,1301 Chicon St # 303, Austin,TX,78702,2,2,860,255748
2097634192,1301 Chicon St # 203, Austin,TX,78702,2,2,860,255748
70984955,9812 Indina Hills Dr, Austin,TX,78717,6,4,3955,446384
80095919,6424 Kedington St, Austin,TX,78747,Studio,3,2528,222467
2099042367,Alexander Plan, Parmer Crossing Austin,TX,78729,3,2.5,1864,284705
63834410,800 W 5th St APT 608, Austin,TX,78703,2,2,2422,1166202
29395196,4711 Broadhill Dr, Austin,TX,78723,3,2,1100,225777
2097640032,2411 Euclid Ave # B, Austin,TX,78704,3,3,1622,724470
29359974,13009 Titus Ct, Austin,TX,78732,4,3,3526,441509
60335744,10737 Quarry Oaks Trl, Austin,TX,78717,4,4,3024,339685
2097640425,10609 Portico Ln, Austin,TX,78748,3,3,1803,282192
29491552,5932 Lomita Verde Cir, Austin,TX,78749,3,2,1723,317273
70327803,6811 Covered Bridge Dr, Austin,TX,78736,3,4,3108,408641
29370073,11218 Blackmoor Dr, Austin,TX,78759,3,2,1964,302171
29400150,5408 Manor Rd, Austin,TX,78723,3,2,1254,223256
2097641607,2408 Sorin St, Austin,TX,78723,3,4,2385,600127
70985479,15509 Prestancia Dr, Austin,TX,78717,5,3,3451,446293
29462132,813 E Oltorf St, Austin,TX,78704,3,2.5,1560,287190
58312147,2605 Kinney Oaks Ct, Austin,TX,78704,2,2,1658,453027
64735947,3806 Manchaca Rd APT C, Austin,TX,78704,3,2,1336,372055
2098113640,The 2445 Plan Plan, The Cottages at Scofield Ridge Austin,TX,78727,3,2.5,2445,388385
2098183235,Overo 3 Car Front Plan, Pearson Place at Avery Ranch Austin,TX,78717,4,2,2450,405194
29474931,2411 Euclid Ave, Austin,TX,78704,3,3,1622,459898
84141504,110 Victoria Ct, Austin,TX,78737,5,4,3424,407568
70342722,6704 Manchaca Rd UNIT 15, Austin,TX,78745,3,3,1711,285130
29489703,5805 Blythewood Dr, Austin,TX,78745,3,1,1272,288144
2098113626,B2 Plan, The Grove Austin,TX,78723,2,2.5,1445,308289
2105434970,San Bernard Plan, Searight Village Austin,TX,78748,3,2.5,1937,269700
58316457,10304 Cyrus Cv, Austin,TX,78739,4,3,2648,358240
2097645272,2504 Sorin St, Austin,TX,78723,3,4,2385,604063
2097647989,809 W Live Oak St # B, Austin,TX,78704,3,3,1397,556723
2097647988,809 W Live Oak St # A, Austin,TX,78704,3,3,1389,553199
83125186,507 Sabine St APT 903, Austin,TX,78701,1,1,693,278069
2098113635,C4 Plan, The Grove Austin,TX,78723,3,3.5,1965,355034
2098435296,Lambert Plan, Easton Park Austin,TX,78744,3,2.5,2023,272376
29401596,615 E 49th St, Austin,TX,78751,1,1,572,338606
29496861,9305 La Puente Dr, Austin,TX,78749,4,3,3464,463892
60335689,15308 Sunningdale St, Austin,TX,78717,5,4,5574,838381
29403596,504 E 46th St, Austin,TX,78751,2,2,1246,425774
29423925,8910 Slayton Dr, Austin,TX,78753,4,2,1260,170666
29384054,2605 Hidalgo St, Austin,TX,78702,2,1,1080,335302
29399879,5111 Waterbrook Dr, Austin,TX,78723,3,2,1384,343748
29383978,1009 Willow St, Austin,TX,78702,2,1,1054,432422
29393072,3204 French Pl, Austin,TX,78722,2,1,1322,418499
2098899303,535 Plan, Belterra Austin,TX,78737,4,3,2973,375339
2097945654,Benson Plan, The Eastwood at Riverside Austin,TX,78741,4,2.5,2185,343972
2098390099,Micro-loft Plan A1 Plan, Fourth& Austin,TX,78702,1,1,510,388664
58301559,8404 Mayview Dr, Austin,TX,78724,3,2,1220,162364
2100982433,Provincial Plan, Heritage Oaks at Pearson Place Austin,TX,78717,4,4,4580,550452
2098183233,Lone Star 2 Car Front Plan, Pearson Place at Avery Ranch Austin,TX,78717,4,3.5,2974,431567
29486826,6003 Blanco River Pass, Austin,TX,78749,3,2,1855,278077
2098435284,Benson Plan, Searight Village Austin,TX,78748,4,2.5,2185,279128
2101272714,Piedmont Plan, Saratoga Hills Dripping Springs,TX,78737,4,3.5,3030,529968
58315064,6903 Deatonhill Dr APT 41, Austin,TX,78745,2,1,751,126355
2101025844,Ambassador Plan, Heritage Oaks at Pearson Place Austin,TX,78717,4,4.5,4710,562161
29382373,2216 Canterbury St, Austin,TX,78702,4,2,2222,697497
28595716,34 Longwood Rd, Austin,TX,78737,4,3,3349,595200
29325266,2008 Homedale Dr, Austin,TX,78704,4,3,3104,999872
29557545,9215 Robins Nest Ln, Austin,TX,78729,3,2,1318,204242
2099071588,Gordon Plan, Lynnbrook Austin,TX,78748,3,2.5,1803,273494
29476829,3206 Overcup Oak Dr, Austin,TX,78704,3,1,1048,417198
2098899310,203 Plan, Belterra Austin,TX,78737,4,3,2803,371899
2098183221,Hyde Park Plan, Pearson Place at Avery Ranch - The Cottages Austin,TX,78717,3,3,1767,323940
29426829,1103 Inland Grn, Austin,TX,78758,3,3,2062,269499
2098857587,E-2898 Plan, Retreat at Tech Ridge Austin,TX,78753,4,2.5,2898,289508
124720273,5413 Ingersoll Ln, Austin,TX,78744,3,2,1489,185213
2098899317,552 Plan, Belterra Austin,TX,78737,3,2,2041,332313
29364136,8803 White Cliff Dr, Austin,TX,78759,3,3,2235,451239
29438287,4603 Gray Fox Dr, Austin,TX,78759,3,2,1400,292949
29438287,4603 Gray Fox Dr, Austin,TX,78759,3,2,1400,292949
70338412,1019 Juniper St, Austin,TX,78702,4,5,2793,Unavailable
64717136,1804 Jentsch Ct # B, Austin,TX,78745,2,3,1374,278277
124836095,806 Allende Bnd, Austin,TX,78748,4,3.5,2813,338709
29388980,1116 Mason Ave, Austin,TX,78721,3,1,808,250270
29497004,8429 La Plata Loop, Austin,TX,78737,3,3.5,3434,488741
29507721,5744 Gorham Glen Ln, Austin,TX,78739,3,2.5,3200,478796
62607999,7500 Shadowridge Run UNIT 50, Austin,TX,78749,3,2.5,1801,268633
122188653,196 Stoney Point Rd, Austin,TX,78737,4,3.5,3168,441749
110539255,98 San Jacinto Blvd # 803, Austin,TX,78701,2,3,1733,1339705
80090249,6320 Kedington St, Austin,TX,78747,4,3,3206,255749
2097665055,2004 E 12th St # C, Austin,TX,78702,0,0,0,Unavailable
29331342,3742 Lost Creek Blvd, Austin,TX,78735,4,4,3354,860099
64664857,9920 Westminster Glen Ave, Austin,TX,78730,0,0,0,Unavailable
29473045,2507 Paramount Ave, Austin,TX,78704,2,1,962,552478
72509217,5907 Camino Seco, Austin,TX,78731,3,3,1800,488249
80090850,11100 Bleich Ln, Austin,TX,78754,4,2,1801,216585
29504948,11007 S Bay Ln, Austin,TX,78739,5,4,3582,422325
29338915,2804 Warren St, Austin,TX,78703,4,4,3590,1443131
2097899951,The Boardwalk Plan, Highmark Austin,TX,78745,3,3,2192,278987
58316545,10904 Ariock Ln, Austin,TX,78739,4,4,3469,511381
29397546,3704 Greenway St, Austin,TX,78705,3,2,1909,771106
29509961,2515 Monarch Dr, Austin,TX,78748,4,2,1768,251194
80097246,1101 Grove Blvd APT 104, Austin,TX,78741,3,3,1415,255590
121657881,5011 Balcones Dr UNIT D, Austin,TX,78731,4,4,2544,683549
29405705,1903 Northridge Dr, Austin,TX,78723,4,2,1900,409265
80097246,1101 Grove Blvd APT 104, Austin,TX,78741,3,3,1415,255590
58316545,10904 Ariock Ln, Austin,TX,78739,4,4,3469,511381
29411089,6804 De Paul Cv, Austin,TX,78723,4,3,1950,416834
70339186,11405 Church Canyon Dr, Austin,TX,78754,5,3,1870,201518
2097668403,6600 Moores Ferry Dr, Del Valle,TX,78617,5,3,2412,224717
29503008,2316 Bitter Creek Dr, Austin,TX,78744,4,2,1325,175417
29496402,5951 Lomita Verde Cir, Austin,TX,78749,4,3,2401,410670
29370829,8107 Davis Mountain Pass, Austin,TX,78726,4,2,2250,325480
29424604,3101 Foster Ln, Austin,TX,78757,4,2,1942,446418
29490803,3911 Leafield Dr, Austin,TX,78749,3,2,1469,236639
29410127,7007 Langston Dr, Austin,TX,78723,3,2,1458,325662
29436834,12331 Thompkins Dr, Austin,TX,78753,3,2,1459,176580
2097669480,9404 Solana Vista Loop # A, Austin,TX,78750,4,3,2299,344217
29365155,10306 Sausalito Dr, Austin,TX,78759,4,4,4647,675003
29419242,7701 Watson St, Austin,TX,78757,2,2,1184,396368
2098857532,Plan E-2177 Plan, The Trails at Stoney Ridge Del Valle,TX,78617,3,2.5,2177,204556
29406983,1419 Ridgehaven Dr, Austin,TX,78723,4,3,2365,450661
29345717,3607 Lucas Dr, Austin,TX,78731,5,3,3060,790519
2097670862,3819 Southway Dr APT 105, Austin,TX,78704,2,1,809,420522
2098390097,Studio B1 Plan, Fourth& Austin,TX,78702,1,1,673,388562
29359143,4920 China Garden Dr, Austin,TX,78730,4,4,3395,538552
2097672290,310 Comal St # 204, Austin,TX,78702,1,1,662,384157
29344928,2314 Island Wood Rd, Austin,TX,78733,6,7,7150,3157349
29451356,2301 Big Hollow Dr, Austin,TX,78728,3,2,1839,255969
29508155,11204 S Bay Ln, Austin,TX,78739,3,2,2678,389665
111962163,114 Turks Cap Pass, Austin,TX,78737,4,4,3287,399806
2097673303,1702 W Saint Johns Ave # A, Austin,TX,78757,3,3,1879,519627
29459232,1708 Newning Ave # B-202, Austin,TX,78704,2,2.5,1332,311483
29430464,8124 Greenslope Dr, Austin,TX,78759,3,2.5,2479,420146
2105530231,3003 W Slaughter Ln, Austin,TX,78748,Studio,--,2035,299021
29504725,10806 Redmond Rd, Austin,TX,78739,4,3,3094,436018
29496986,8015 Lewis Mountain Dr, Austin,TX,78737,5,4,4600,697406
29514532,2716 Arroyo Blanco Cv, Austin,TX,78748,4,3,2841,380878
29423621,1119 Plymouth Dr, Austin,TX,78758,3,1,1032,153449
89729517,11931 Meadowfire Dr, Austin,TX,78758,3,2,1625,268605
88022726,15512 Staked Plains Loop, Austin,TX,78717,4,2.5,2699,338991
58317119,10704 Razil Ct, Austin,TX,78748,4,2,1466,204176
67010950,15532 Brodick Dr, Austin,TX,78717,4,4,3792,464069
29516810,11145 Pinehurst Dr, Austin,TX,78747,3,2,2396,333440
29359145,4912 China Garden Dr, Austin,TX,78730,3,3,3001,488920
119621477,904 West Ave # 115, Austin,TX,78701,1,1,725,314130
29373681,6105 Avery Island Ave, Austin,TX,78727,2,2,1034,199794
29409011,4511 Rosedale Ave, Austin,TX,78756,2,1,883,454787
2097677739,13609 Bauhaus Bnd, Austin,TX,78754,4,3,2447,267302
29414482,7103 Twin Crest Dr, Austin,TX,78752,3,2,1863,328030
29326376,1705 Thousand Oaks Cir, Austin,TX,78746,3,3,2242,680459
2098899302,558 Plan, Belterra Austin,TX,78737,5,4,3197,387203
29323050,2701 Bartons Bluff Ln, Austin,TX,78746,5,5,5250,2297591
29414239,1900 Ullrich Ave, Austin,TX,78756,4,4,3361,691189
29350332,304 Lago Verde Rd, Austin,TX,78734,3,2.5,2509,704706
80101885,12332 Paloma Blanca Way, Del Valle,TX,78617,3,2,1236,147867
29385157,1611 E 10th St, Austin,TX,78702,3,2,1395,422317
120896194,8505 High Summit Ln, Austin,TX,78737,4,3,3326,489929
2097679701,2505 Givens Ave #A, Austin,TX,78722,3,3,1545,391904
80098012,5901 Abby Ann Ln, Austin,TX,78747,3,3,1705,203143
2097680749,2505 Givens Ave #B, Austin,TX,78722,3,3,1545,401030
29331459,1706 Summit View Pl APT 2, Austin,TX,78703,2,2,1266,422906
29322362,1509 Oxford Ave, Austin,TX,78704,3,2,1734,650069
29410758,5400 Sunshine Dr, Austin,TX,78756,3,2,1885,563207
28587891,13219 Trail Driver St, Austin,TX,78737,4,3,2348,436078
2097899945,The Rushmore Plan, Highmark Austin,TX,78745,3,3,2207,278869
70345739,1400 Anise Dr, Austin,TX,78741,3,1,1091,185857
29341966,3402 Monte Vista Dr, Austin,TX,78731,4,5,3951,1293572
83818638,300 Bowie St APT 1007, Austin,TX,78703,2,2,983,548088
29324838,811 Jessie St, Austin,TX,78704,3,2,2961,776750
29470270,7201 Apperson St, Del Valle,TX,78617,4,2,1331,153414
29438096,4402 Balcones Woods Dr, Austin,TX,78759,4,2,1818,395165
63834291,7701 Rialto Blvd APT 1117, Austin,TX,78735,2,2,1239,209249
29484158,6211 Oliver Loving Trl, Austin,TX,78749,4,2.5,2287,352305
29464886,1502 Brandt Dr, Austin,TX,78742,3,2,1128,171975
70985046,9900 Lisi Anne Dr, Austin,TX,78717,3,3,2575,408463
29428378,8300 Daleview Dr, Austin,TX,78757,3,2,1490,399618
29413485,301 Brentwood St, Austin,TX,78752,3,1,1097,286721
58316021,617 Blue Valley Dr, Austin,TX,78748,3,2,1453,232500
29326946,3418 Pinnacle Rd, Austin,TX,78746,3,2,1725,627177
70352623,12825 Capella Trl, Austin,TX,78732,5,4,3734,559559
94643130,6708 Manchaca Rd UNIT 17, Austin,TX,78745,3,3,1575,278945
80096043,603 Davis St APT 1502, Austin,TX,78701,2,2,1597,708617
29462141,751 E Oltorf St # 751, Austin,TX,78704,3,3,1579,314841
2097688159,4907 Mendoza Dr, Austin,TX,78721,3,3,2120,510570
79973492,707 W Johanna St # B, Austin,TX,78704,3,4,1973,581247
124841016,12113 Arran St, Austin,TX,78754,3,3,2158,274402
2097688234,10617 Ivalenes Hope Dr, Austin,TX,78717,4,3,3020,387900
2097688424,10604 Ivalenes Hope Dr, Austin,TX,78717,5,4,3466,427291
2097688946,909 Reinli St APT 238, Austin,TX,78751,1,1,590,186149
29462184,5403 Alexis Cv, Austin,TX,78741,3,2,1268,266768
29476786,3005 Birdwood Cir, Austin,TX,78704,3,1,936,395249
29603389,10208 Cassandra Dr, Austin,TX,78717,4,3,2773,325488
2097689558,7117 Boyle Dr, Austin,TX,78724,3,3,2000,293921
83832808,200 Congress Ave UNIT 11B, Austin,TX,78701,1,2,1295,935665
29372710,10801 Spicewood Pkwy, Austin,TX,78750,4,4,3333,538170
84129950,260 Grafton Ln, Austin,TX,78737,5,4,3549,418499
121658540,7685 Northcross Dr UNIT 809, Austin,TX,78757,1,1,650,151171
2100932549,Montgomery Plan, Glencoe at Harris Branch Austin,TX,78754,3,2,1519,215506
2098857536,Plan E-2898 Plan, The Trails at Stoney Ridge Del Valle,TX,78617,4,2.5,2898,241333
2101025845,Ashbrook Plan, Heritage Oaks at Pearson Place Austin,TX,78717,3,2,2689,370645
58315456,6801 Circle S Rd, Austin,TX,78745,3,3,3124,417507
29399794,2203 E 51st St, Austin,TX,78723,3,3,1484,349198
2097693706,2441 Equestrian Trl, Austin,TX,78727,3,2,2293,289421
2107001842,5514 Roosevelt Ave APT A, Austin,TX,78756,2,2,1248,390947
29578427,9518 Dalewood Dr, Austin,TX,78729,4,2,1675,223267
29475857,7006 Smokey Hill Rd, Austin,TX,78736,3,2,1942,317886
58267716,10525 Hainsworth Park Dr, Austin,TX,78717,4,3,2124,278604
83124926,12217 Long Bay Cv, Austin,TX,78732,4,2,1841,406950
