71489407,156 Porter St APT 150, Boston,MA,02128,1,1,873,415895
59140865,64 Ridlon Rd, Boston,MA,02126,4,2,1692,353092
113389343,107 Fisher Ave, Roxbury Crossing,MA,02120,11,4,4800,1767787
2097543966,370 Beacon St # 3, Boston,MA,02116,3,5,3300,Unavailable
59181418,112 Fulton St UNIT 2A, Boston,MA,02109,2,2,1240,966313
87797411,10 Ashmont Ct # 3, Dorchester,MA,02122,3,1,1016,379063
2128682441,288 Beech St # 1, Boston,MA,02131,2,1,720,326314
59171051,216 Beacon St UNIT 2, Boston,MA,02116,1,1,744,781221
59117725,23-25 Saint Gregory St, Boston,MA,02124,4,2,2522,577703
59183022,549 Columbus Ave APT 5, Boston,MA,02118,1,1,519,467836
59188474,43 Mount Vernon St APT 2, Boston,MA,02108,3,3,2032,2754629
59175717,3 Appleton St APT 503, Boston,MA,02116,1,1,541,506935
63041322,13 Lindall Pl UNIT 1, Boston,MA,02114,1,1,608,548919
2097554741,0 Howard Ave, Boston,MA,02125,0,0,0,Unavailable
2097554740,121 Portland St # 508, Boston,MA,02114,2,2,1066,Unavailable
71332719,670 Dorchester Ave UNIT 3, Boston,MA,02127,2,2,1237,496072
59144997,5 Delford St, Boston,MA,02131,3,3,1080,361216
2099986979,75 Ruthven St # 1, Boston,MA,02121,3,1,975,Unavailable
59164668,717 Atlantic Ave APT 6D, Boston,MA,02111,1,1,1110,712816
59211740,881 E 1st St UNIT 401, Boston,MA,02127,1,1,1068,577344
87795999,94 Itasca St APT 5, Mattapan,MA,02126,2,1,790,200701
59162261,8 Glade Ave UNIT 3, Boston,MA,02130,2,1,1135,482134
59115302,2 Fields Ct, Dorchester,MA,02125,3,2,1958,Unavailable
59115307,5 Baker Ct, Dorchester,MA,02125,2,1,605,277323
59115301,4 Fields Ct, Dorchester,MA,02125,3,1,1426,413119
2097557217,6 Fields Ct, Boston,MA,02125,0,0,0,Unavailable
59115307,5 Baker Ct, Dorchester,MA,02125,2,1,605,277323
59115302,2 Fields Ct, Dorchester,MA,02125,3,2,1958,Unavailable
2097557217,6 Fields Ct, Boston,MA,02125,0,0,0,Unavailable
2098745274,85 Millet St, Boston,MA,02124,6,3,2638,483082
123119983,25 Robey St, Roxbury,MA,02119,3,4,1700,Unavailable
2122042105,119 King St, Boston,MA,02122,3,1,1250,389213
59086763,15 N Beacon St APT 416, Boston,MA,02134,2,2,744,420238
81378924,4 Adamson St UNIT 3, Allston,MA,02134,3,1,906,435154
2097565379,25 Robey St # 25, Boston,MA,02119,3,4,1700,Unavailable
59086536,1258 Commonwealth Ave APT 10, Boston,MA,02134,2,1,802,409857
81858773,210 South St UNIT 62, Boston,MA,02111,1,2,1347,858071
81857704,142 Bigelow St UNIT 103, Boston,MA,02135,1,1,1180,492754
2110296548,1241-1251 Adams St # B408, Boston,MA,02124,1,2,1207,Unavailable
113389835,427 E 7th St UNIT 1, South Boston,MA,02127,2,2,955,550220
81853766,119 King St UNIT 1, Dorchester,MA,02122,3,1,1250,448900
2097570191,1677 Commonwealth Ave APT 4F, Boston,MA,02135,2,1,749,Unavailable
67715518,23 Fleet St APT 1, Boston,MA,02113,3,2,1259,849781
2097571570,8 Glade Ave # 3, Jamaica Plain,MA,02130,2,1,1135,Unavailable
2097658982,1 Walsh Pl, Boston,MA,02109,1,1,522,Unavailable
59155747,33 Bonair St, Boston,MA,02132,3,1,1247,494038
2097573766,1218 Vfw Pkwy APT 59, West Roxbury,MA,02132,2,2,1159,Unavailable
59155320,56 Willow St, Boston,MA,02132,4,2,1968,622133
2097576158,29 Brainerd Rd, Boston,MA,02134,2,1,850,Unavailable
59177751,120 Commercial St APT 6-3, Boston,MA,02109,2,1,753,622859
2097576890,37 Abbotsford St # 2, Boston,MA,02121,3,1,1077,Unavailable
2097576891,37 Abbotsford St # 3, Boston,MA,02121,3,1,1077,Unavailable
2097577318,37 Abbotsford St # 1, Boston,MA,02121,2,1,940,Unavailable
2097578099,1 Franklin St # 4104, Boston,MA,02110,3,3,2096,Unavailable
2099176034,1 Franklin St # 5105, Boston,MA,02110,3,4,2196,Unavailable
59163089,1111-1115 Blue Hill Ave #B2, Dorchester,MA,02124,2,1,663,195114
59090072,247 Chestnut Hill Ave APT 31, Boston,MA,02135,1,1,527,328981
2101982590,9 Ridgemont St, Allston,MA,02134,5,2,2918,Unavailable
59137680,701 Walk Hill St, Boston,MA,02126,9,3,3915,450626
59117516,640 Morton St, Boston,MA,02126,6,3,4398,503905
59104508,9 Greenheys St, Dorchester,MA,02121,7,2,2500,433021
59124508,60 Eutaw St, Boston,MA,02128,4,3,2800,593893
59114235,81 Ruthven St, Dorchester,MA,02121,8,3,2602,463461
59120421,33 Leyden St, Boston,MA,02128,4,3,1204,491303
59122504,59 Horace St, Boston,MA,02128,4,1,1098,448388
81858732,500 Atlantic Ave UNIT 20B, Boston,MA,02210,3,3,2653,4327555
59106948,10 Harlow St, Dorchester,MA,02125,7,3,2394,478781
68005456,318 Fuller St APT 2, Dorchester Center,MA,02124,3,1,1010,287246
59185933,4 Worthington St, Roxbury Crossing,MA,02120,3,4,2890,1384623
59163387,6 Whittier Pl APT 16J, Boston,MA,02114,1,1,895,569330
59105615,14 Danube St, Dorchester,MA,02125,12,3,4342,715560
2097592839,1 Franklin St # 4703, Boston,MA,02110,3,5,2773,Unavailable
81857237,12 Stoneholm St APT 511, Boston,MA,02115,1,1,355,396476
59131779,396 Centre St, Boston,MA,02130,9,6,3264,1190771
63041510,42-44 Hutchings St UNIT 1, Boston,MA,02121,3,1,1394,355730
59096902,121 Tremont St APT C6, Boston,MA,02135,1,1,767,362990
59109702,24 Greenwood St, Dorchester,MA,02121,8,3,2854,558277
59180216,9 Hawthorne Pl APT 7K, Boston,MA,02114,Studio,1,637,474348
59166274,4 Walnut St STE 1, Boston,MA,02108,2,2,1108,1291301
59100179,7 Lyndeboro St, Boston,MA,02129,2,2,1200,691732
2097597051,136 Shawmut Ave # 5-A, Boston,MA,02118,4,4,2596,1630405
63042568,408 Columbus Ave APT 4, Boston,MA,02116,2,2,1016,1095075
59096639,15 Burton St, Boston,MA,02135,3,2,1650,632940
59109713,72 Greenwood St, Dorchester,MA,02121,7,3,3764,591658
2097599606,4 Cheriton Rd, Boston,MA,02132,4,3,2500,825365
71329816,134 High St UNIT 3, Boston,MA,02129,2,1,692,482491
2110262130,551 E 6th St # 3, Boston,MA,02127,3,2,1205,751341
59168109,35 Queensberry St APT 16, Boston,MA,02215,1,1,420,412395
59101810,55 1/2 Bakersfield St UNIT 2, Dorchester,MA,02125,3,2,1350,459571
59170042,857 Beacon St APT B3, Boston,MA,02215,1,1,296,306836
2097602681,1232 Blue Hill Ave, Boston,MA,02126,0,0,0,Unavailable
59099107,47 Harvard St APT A312, Boston,MA,02129,2,2,1157,823088
59184237,88 Worcester St APT 5, Boston,MA,02118,2,1,775,726733
59086366,85 Brainerd Rd APT 311, Boston,MA,02134,2,2,1040,602614
59139149,20 Richmere Rd, Boston,MA,02126,4,3,1854,424614
59164802,170 Tremont St APT 1106, Boston,MA,02111,1,1,622,718285
59210954,112 Union Park St UNIT 2, Boston,MA,02118,2,1,850,668510
59172173,33 Sleeper St APT 206, Boston,MA,02210,2,1,1604,1328209
71488569,58 Gates St APT 1, Boston,MA,02127,2,2,1111,623456
2097607113,265 W 2nd St # 2, Boston,MA,02127,2,3,1507,973349
2097607112,265 W 2nd St # 1, Boston,MA,02127,1,2,1004,640850
59130404,240 Heath St APT 308, Boston,MA,02130,2,2,895,464985
59183678,22 E Springfield St UNIT 2, Roxbury,MA,02118,1,1,605,582816
57423373,16 John Alden Cir, Bellingham,MA,02019,4,2,1814,340772
60112731,1 Warren St APT 107, Boston,MA,02129,2,3,1264,887267
59173978,32 Myrtle St APT 3-1, Boston,MA,02114,1,1,635,611216
59112462,60 Roslin St, Dorchester Center,MA,02124,6,2,4363,649104
59141354,32 Florian St # 1, Boston,MA,02131,3,1,980,356408
59098130,11 Auburn St # 1, Boston,MA,02129,2,2,990,604646
59115164,16 Houghton St, Dorchester,MA,02122,2,1,1224,360195
59167888,64 Charlesgate E APT 64, Boston,MA,02215,Studio,1,425,401765
2101088758,4 Weld St, Boston,MA,02131,4,3,2500,960810
59136945,604 Norfolk St, Boston,MA,02126,8,3,4888,645276
2097619012,813 E 4th St UNIT 813, Boston,MA,02127,2,3,2017,885914
59172981,15 Blackwood St APT 1, Boston,MA,02115,2,1,1132,846206
2144012672,309 Wood Ave # 2, Boston,MA,02136,2,1,791,252512
71333142,43 Baxter St UNIT 1, Boston,MA,02127,1,1,460,400193
59134431,18 Goldsmith St, Boston,MA,02130,2,1,816,458833
2097627052,99 Claremont Park, Boston,MA,02118,4,2,3400,1889429
59119379,241 Lexington St, Boston,MA,02128,5,3,4316,776631
2097629188,59 Fuller St # 2, Boston,MA,02124,2,2,1080,372217
2097629477,231 Gold Street 246 W 5th St, Boston,MA,02127,9,3,4041,1432324
123849099,47 Senator Bolling Cir, Dorchester Center,MA,02124,3,3,3000,590454
59160814,31 Goethe St, Boston,MA,02132,4,3,1926,422230
63528130,9 W Broadway UNIT 313, Boston,MA,02127,1,1,763,599312
59088438,64 Allston St APT 5, Boston,MA,02134,1,1,581,355467
102988122,100 Beacon St UNIT 2A, Boston,MA,02116,3,3,1975,3511582
2097638241,813 E 4th St # 813, Boston,MA,02127,2,3,2017,908348
59145867,42 Florence St, Boston,MA,02131,3,2,1579,544043
63710898,22 Sheafe St APT 4, Boston,MA,02113,2,2,1194,984390
2115893513,1565 River St # 3, Boston,MA,02136,3,1,1200,323892
59171293,113 Commonwealth Ave APT 4, Boston,MA,02116,3,3,1884,2579054
59157404,27 Howitt Rd, Boston,MA,02132,3,2,2024,736526
2097644512,18 Carpenter St # 2, Boston,MA,02127,3,3,1875,824154
2097644511,18 Carpenter St # 1, Boston,MA,02127,2,2,1350,628115
59152982,179 Bowen St, Boston,MA,02127,4,2,1638,688946
59150926,578 E 8th St, South Boston,MA,02127,4,3,2600,1260857
2098440215,601-611 E Broad Way # 301, Boston,MA,02127,2,2,1054,713972
2099086939,21-23 Brinsley St, Boston,MA,02121,8,2,3555,929201
2142228253,343 Centre St # 1, Dorchester,MA,02122,3,1,943,372656
103864942,200 South St # 1, Jamaica Plain,MA,02130,2,2,987,497864
59169768,261 Commonwealth Ave APT 5, Boston,MA,02116,2,1,1155,1466775
2097649309,134 Warren St APT 3, Boston,MA,02119,2,1,825,421921
2114019924,156 Chelsea St APT 203, East Boston,MA,02128,1,1,1114,688199
2097650708,47 Concord Sq # 2, Boston,MA,02118,3,3,1734,2172704
71489373,54 Business St UNIT 54, Boston,MA,02136,4,3,1715,399325
2099028936,235 Beacon St APT 2C, Boston,MA,02116,1,2,1784,2050686
59129968,178 Clare Ave, Boston,MA,02136,5,3,3200,585335
59110558,20 Edson St, Dorchester Center,MA,02124,6,2,2499,432603
59129947,175 Clare Ave APT D3, Boston,MA,02136,1,1,650,167533
2097656536,2A Hemman, Boston,MA,02131,0,0,0,Unavailable
59141480,416 Hyde Park Ave, Boston,MA,02131,2,2,1208,509226
59186041,18 Woodbine St, Roxbury,MA,02119,4,2,2078,451202
59119469,420 Saratoga St, Boston,MA,02128,7,3,3723,595857
2097663503,47 Harvest St # 3, Boston,MA,02125,2,3,1179,536679
2097664996,319 A St UNIT 510, Boston,MA,02210,Studio,1,470,572241
59152112,309 Emerson St APT 18, Boston,MA,02127,Studio,1,668,455436
71496972,7 Van Winkle St UNIT 3, Dorchester Center,MA,02124,2,2,1118,453800
2097670138,60 Gibson St # U301, Boston,MA,02122,2,1,765,269468
2124756023,137 Chelsea St APT 2, East Boston,MA,02128,2,1,720,302698
2113681671,137 Chelsea St APT 1, Boston,MA,02128,2,1,980,359087
2117020235,505 Tremont St, Boston,MA,02116,1,1.5,1157,1394617
59185386,2 Akron Pl, Roxbury,MA,02119,2,1,1224,351181
59091301,1408 Commonwealth Ave APT 2, Boston,MA,02135,1,1,561,353637
2097678880,10 Perkins Ln, Milton,MA,02186,4,3,2650,1020547
63710209,300 Allston St APT 505, Boston,MA,02135,1,1,1005,586965
59097512,30 Lake Shore Ct APT 3, Boston,MA,02135,3,2,1061,496408
59110119,16 Norwell St, Dorchester,MA,02121,8,3,2627,466294
59117809,1 Shenandoah St, Dorchester Center,MA,02124,5,2,3011,843841
2097680645,364 Meridian St # 2, Boston,MA,02128,2,2,1600,918324
2097746989,364 Meridian St # 1, East Boston,MA,02128,2,2,2200,824555
2097680644,364 Meridian St # 3, Boston,MA,02128,2,2,1600,918324
2097683351,121 Portland St # 208, Boston,MA,02114,1,1,818,875585
2102497559,275 Humboldt, Boston,MA,02121,9,3,4815,784793
2097683668,121 Portland St # 805, Boston,MA,02114,1,2,959,1062479
56319302,67 Arlington St, Newton,MA,02458,5,5,4800,1414714
59134957,24 Parkside Dr, Boston,MA,02130,4,3,1840,778553
59172159,15 Sleeper St APT 507, Boston,MA,02210,1,1,925,767963
2115744511,137 Chelsea St APT 3, Boston,MA,02128,2,1,500,275819
59185528,15 Dorr St, Roxbury,MA,02119,4,5,3501,753727
2097689145,35R Lexington St # 1, Somerville,MA,02144,4,3,2665,1037776
59121582,60 Liverpool St, Boston,MA,02128,4,3,1800,634896
2097691014,335 S Huntington Ave, Boston,MA,02130,2,1,811,359156
2097691346,65 Lexington # 1, Boston,MA,02128,3,2,1282,626571
59102589,343 Centre St, Dorchester,MA,02122,3,1,1100,566059
59171186,119 Marlborough St APT 1, Boston,MA,02116,Studio,1,370,396027
59174289,28-32 Atlantic Ave UNIT 419, Boston,MA,02110,2,2,1250,1337148
81858750,500 Atlantic Ave UNIT 15P, Boston,MA,02210,3,4,2727,3344057
59161260,53 Linden Rd, Boston,MA,02132,2,1,1156,334481
59109545,2 Rock Ave, Dorchester Center,MA,02124,4,3,2200,492859
59139330,125 Wellington Hill St, Boston,MA,02126,3,2,1834,451536
2097694810,112 Fulton St UNIT 2B, Boston,MA,02109,2,2,1109,927247
2097700470,416 Hyde Park Ave # 1, Roslindale,MA,02131,--,1,900,336964
123846131,580 Washington St UNIT 1408, Boston,MA,02111,3,3,1743,2377338
2104723164,60 Gibson St APT 301, Dorchester,MA,02122,2,1,765,264935
59158304,20 Latin Rd, Boston,MA,02132,3,2,1671,689728
59091539,1480 Commonwealth Ave APT 12A, Boston,MA,02135,2,1,1050,522974
59171828,180 Beacon St UNIT 3B, Boston,MA,02116,2,2,1293,1408688
59159651,18 Gould St # 18A, Boston,MA,02132,4,2,1626,577217
81379187,4 Adamson St UNIT 1, Allston,MA,02134,3,1,906,410920
71505075,235 Eustis St UNIT 2, Roxbury,MA,02119,3,1,778,309944
2107534306,73 Chelsea St # C2-105, Boston,MA,02129,2,2,963,734871
90139103,121 E Cottage St UNIT 2, Dorchester,MA,02125,2,1,1164,402081
2113127173,5 Linda Ln APT 2-7, Boston,MA,02125,2,1,794,354407
71497234,79 Van Winkle St UNIT 1, Dorchester Center,MA,02124,2,2,1260,488217
2102387132,5 Linda Ln APT 2-7, Dorchester,MA,02125,2,1,794,344996
67095763,42 8th St APT 1109, Boston,MA,02129,1,2,950,733302
120922521,5 Dwight St UNIT 3, Boston,MA,02118,3,3,1672,1835630
2097725860,41 Harrison St # 13C, Boston,MA,02131,3,3,1731,295981
59171946,173 Beacon St APT 1, Boston,MA,02116,2,3,2102,1985090
59155284,100 Maple St, Boston,MA,02132,3,2,1872,547958
59213482,110 Strathmore Rd UNIT PH2, Boston,MA,02135,2,2,1320,875205
2097735537,84 Leland Rd, Chestnut Hill,MA,02467,3,2,1620,769601
2097737479,8 Baker # 4, Boston,MA,02125,3,3,2014,527998
2097737709,319 A St UNIT 506, Boston,MA,02210,Studio,1,527,614772
59129423,1899 Hyde Park Ave, Boston,MA,02136,7,3,4016,892447
2097741447,1241-1255 Adams St # WM210, Boston,MA,02124,1,2,1029,548422
59141840,117 Walter St, Boston,MA,02131,4,2,1793,584610
59168499,137 Peterborough St APT 22, Boston,MA,02215,Studio,1,425,385161
2097743841,5 Kilsyth Ter, Boston,MA,02135,6,2,4539,895040
2097745377,519 E 1st St # 8, Boston,MA,02127,2,2,1368,1168939
2097746510,23 Warren Pl # 1, Boston,MA,02119,3,3,1347,430745
59140511,53 Blake St, Hyde Park,MA,02136,3,2,1469,343754
2097747681,1861 Dorchester Ave # 5A, Boston,MA,02124,1,2,1049,422330
2097754281,47 Alpine St # 1, Roxbury,MA,02119,4,4,3406,618895
59126241,6 Magee St, Boston,MA,02136,3,1,907,358545
71546538,3 Avery St UNIT 609, Boston,MA,02111,1,2,1059,775771
59103126,2089 Dorchester Ave APT 6, Dorchester Center,MA,02124,2,1,720,214671
2097763362,5168 Washington St # 205, Boston,MA,02132,2,2,1291,449793
2097764279,99 D St # 1, Boston,MA,02127,4,3,1960,937653
59122720,67 Cottage St, Boston,MA,02128,3,3,1980,512842
59181774,151 Tremont St APT 23R, Boston,MA,02111,2,1,1065,970526
59130084,28 Badger Rd, Boston,MA,02136,3,2,1800,472510
59184431,177 Northampton St APT 1, Boston,MA,02118,2,1,650,447202
59086395,85 Brainerd Rd APT 514, Boston,MA,02134,2,2,1030,528827
59115977,165 Woodrow Ave, Dorchester Center,MA,02124,8,3,3853,705351
59176304,150 Lincoln St APT 3B, Boston,MA,02111,1,1,1305,843352
2097775289,59 Pleasant St # 2, Boston,MA,02125,2,2,1105,563289
59153058,115 Bolton St, Boston,MA,02127,2,2,1139,687004
63711282,690 Massachusetts Ave # 2, Boston,MA,02118,4,3,2442,1749089
81858755,910 Beacon St APT 2, Boston,MA,02215,2,2,1279,1049535
59183140,28 Concord Sq APT 1, Boston,MA,02118,2,2,1297,1314450
2097778930,59 Blake St, Boston,MA,02136,0,0,0,Unavailable
2097778928,95 Radcliffe Rd, Boston,MA,02126,0,0,0,Unavailable
63041180,187 Bennington St, Boston,MA,02128,5,3,1836,590402
90141599,44 Ridgewood St # 2, Dorchester,MA,02122,2,1,1024,204397
2097783640,39-41 Mount Vernon St, Boston,MA,02108,4,5,4025,2460131
59095451,94 Bigelow St # 3, Boston,MA,02135,2,2,1735,700120
123846794,580 Washington St UNIT 11A, Boston,MA,02111,2,2,1370,1884647
59098547,197 8th St APT 611, Boston,MA,02129,2,2,1759,1481149
2097788161,365 Sumner St REAR 2, Boston,MA,02128,3,2,1384,665933
2097788490,85 Brainerd Rd APT 514, Allston,MA,02134,2,2,1030,530724
2097789114,49 Cook St, Charlestown,MA,02129,4,3,2500,1106359
59095304,9 Wallingford Rd, Boston,MA,02135,4,2,1800,764717
2097792776,1 Franklin St # 1007, Boston,MA,02110,2,3,1296,1997409
59127302,5 Prospect Cir, Boston,MA,02136,3,2,1558,474860
2097793423,181 Salem St APT 8R, Boston,MA,02113,1,1,680,Unavailable
2097872673,1 Franklin St #2104, Boston,MA,02110,2,2,1498,1827215
2097795063,146-148 Bremen St, Boston,MA,02128,10,5,4320,1429549
59099900,2 Shipway Pl UNIT 2, Boston,MA,02129,2,3,1895,1031874
2097795288,488 Dorchester Ave # 3, Boston,MA,02127,2,2,1010,680973
59089616,40 Cummings Rd APT 7, Boston,MA,02135,3,2,1650,651629
2097798662,1 Franklin St # 4601, Boston,MA,02110,2,3,1779,3532757
60112845,103 E Brookline St APT 3, Boston,MA,02118,2,1,601,574492
63041545,777 Tremont St UNIT 3, Boston,MA,02118,1,1,645,582653
59138215,770 Cummins Hwy APT 2, Boston,MA,02126,1,1,640,168239
2097804874,53-55 Harvest St # 1, Dorchester,MA,02125,2,3,1887,604704
102987402,45 Province St APT 1504, Boston,MA,02108,2,2,1318,1704009
59090060,247 Chestnut Hill Ave APT 1, Boston,MA,02135,1,1,464,312502
59177176,280 Commonwealth Ave APT 302, Boston,MA,02116,1,1,670,671395
59167694,431 Marlborough St, Boston,MA,02115,3,3,3077,3325603
2097814475,1 Franklin St # 1205, Boston,MA,02110,2,2,1161,1633263
2098692161,1 Dove St # 1, Boston,MA,02125,3,3,1494,482750
59131817,100 Paul Gore St UNIT 2, Boston,MA,02130,3,2,1277,536252
2097816215,247 Lexington St, East Boston,MA,02128,9,3,2580,653279
81855280,47 School St, Roxbury,MA,02119,6,3,3927,712513
2097818645,37 Clifford St # 1, Boston,MA,02119,8,4,4007,770631
59188264,23 Warwick St, Roxbury Crossing,MA,02120,3,3,1839,762708
59140408,12 Pinewood St, Hyde Park,MA,02136,3,3,1272,377663
59122563,15 Swift Ter, Boston,MA,02128,2,1,828,429248
2097827658,9 Cooper St # 3, Boston,MA,02113,2,1,740,736542
59108039,55 Bowdoin Ave, Dorchester,MA,02121,8,4,3688,487613
2097828811,111 L St # 111, Boston,MA,02127,2,2,1560,742774
2097830325,426 Medford St # 426, Boston,MA,02129,2,2,1067,688167
2097830472,250 W 3rd St # 3, Boston,MA,02127,2,2,1404,862944
2098317213,859 Canterbury St # 859, Boston,MA,02131,5,4,2865,728876
2097830456,11 Maywood St # 3, Boston,MA,02119,3,2,1150,359806
123846811,580 Washington St UNIT 1201, Boston,MA,02111,3,2,1478,1920999
59179425,136 Prince St APT 9, Boston,MA,02113,2,1,731,554930
2143021387,40 Victoria Heights Rd, Boston,MA,02136,4,2,1789,365667
59124703,41 Victoria Heights Rd, Boston,MA,02136,2,3,1793,285446
2097848339,101 Hancock St, Boston,MA,02125,10,3,3540,818118
2097850176,28 Sheffield Rd # 2, Roslindale,MA,02131,2,--,1028,433761
2097850851,46 Lamson St # 1, Boston,MA,02128,3,2,1350,678175
59187907,9 Sewall St, Roxbury Crossing,MA,02120,6,4,1920,1169353
63531164,23 Grantley St UNIT D, Boston,MA,02136,3,3,1374,326304
59115567,12 Rowena St, Dorchester Center,MA,02124,8,3,3502,895528
59108850,429 Adams St, Dorchester,MA,02122,9,3,3609,742055
59111866,138 Adams St, Dorchester,MA,02122,6,4,2970,646014
59177322,362 Commonwealth Ave APT 3A, Boston,MA,02115,2,1,790,819262
2097859554,5 Lambert St, Roxbury,MA,02119,3,1.5,1396,497123
59113874,43 Warner St # 43A, Dorchester Center,MA,02124,7,3,4145,532344
2097861840,31 Burbank St, Boston,MA,02115,Studio,52,32780,816538
81859036,16 Melrose St UNIT 2, Boston,MA,02116,1,1,588,567319
87792120,75 Waldemar Ave APT 404, Boston,MA,02128,2,1,761,275725
2102149411,42 Beach St UNIT 5B, Boston,MA,02111,1,1,852,659200
2097868926,59 Brainerd Rd APT 404, Allston,MA,02134,1,1,657,340233
59175051,65 E India Row APT 16B, Boston,MA,02110,2,3,1644,1231088
59148541,65 Preble St, Boston,MA,02127,12,9,4819,1012561
59143649,4379 Washington St, Boston,MA,02131,9,4,4320,755595
63711596,70-72 Northampton St UNIT 503, Boston,MA,02118,1,1,753,524563
59108739,43 Fox St, Dorchester,MA,02122,8,3,3591,570416
59124799,42 Webster St UNIT 42, Boston,MA,02136,2,2,1047,263141
59121342,67 Webster St, Boston,MA,02128,3,3,1920,587358
59122079,325 E Eagle St, East Boston,MA,02128,6,3,2640,544667
59124220,230 Saratoga St, Boston,MA,02128,9,7,3401,622802
59124798,40 Webster St, Boston,MA,02136,2,2,1047,305327
59089784,110 Strathmore Rd APT 303, Boston,MA,02135,1,1,702,407334
59123490,225 Saratoga St, Boston,MA,02128,6,4,3300,604450
59123758,54 Princeton St, Boston,MA,02128,5,2,1982,552135
2097880479,12 Bryon Rd # 5, West Roxbury,MA,02132,1,1,625,268791
102987750,110 Stuart St UNIT 25J, Boston,MA,02116,1,2,1103,1222407
59150559,138 M St, South Boston,MA,02127,3,2,1771,777288
59135476,186 Moss Hill Rd, Boston,MA,02130,3,2,2020,835727
59173627,105 Myrtle St, Boston,MA,02114,3,3,2272,2921926
2097889801,26 Gould St, West Roxbury,MA,02132,3,2,1450,485727
2118260616,303 Columbus Ave UNIT 801, Boston,MA,02116,2,2,1685,1674321
63711874,535 Harrison Ave APT A201, Boston,MA,02118,1,1,727,502700
59134969,5 Parkside Dr, Boston,MA,02130,5,3,3057,1206469
68006077,100 Capen St APT 4, Dorchester Center,MA,02124,2,1,781,253973
59120595,28 Orient Ave, Boston,MA,02128,5,3,2905,757426
59093411,61-63 Surrey St, Boston,MA,02135,9,4,3537,956985
59178002,33 Bay State Rd APT 5, Boston,MA,02215,2,1,710,707381
117686098,841 Lagrange St UNIT 6, West Roxbury,MA,02132,2,3,1504,714710
59162446,15 Catherine St, Boston,MA,02131,62,3,3044,869777
60112332,1306 Columbia Rd APT 2C, Boston,MA,02127,2,2,1162,599288
59153554,1218 Vfw Pkwy APT 59, Boston,MA,02132,2,2,1159,402849
59108217,16 Elmhurst St, Dorchester Center,MA,02124,9,3,3471,723732
59100822,58 High St UNIT 5, Boston,MA,02129,2,2,1293,903882
90136277,36 Appleton St APT 1, Boston,MA,02116,2,2,1148,1051804
59097108,65-67 S Crescent Circuit, Brighton,MA,02135,5,2,2392,908965
118324951,47 Clifford St UNIT 1, Roxbury,MA,02119,2,1.5,1263,299410
59151383,242 W 5th St, South Boston,MA,02127,6,5,2481,1372885
90138744,346 Congress St UNIT 414, Boston,MA,02210,1,1,754,719216
59136628,24 Maryknoll St, Boston,MA,02126,4,3,1618,400455
2144478539,382 E 8th St # 1, Boston,MA,02127,2,3,1429,895448
2097905072,743 E 4th St APT 104, Boston,MA,02127,1,1,544,481344
59184404,615 Massachusetts Ave UNIT 2, Boston,MA,02118,3,2,1457,1029730
59211319,1 Sunapee Ln, Boston,MA,02132,3,3,2483,856494
2102586630,181 Essex St # 802, Boston,MA,02111,2,2,1027,869373
59121141,3 Castle Ct, Boston,MA,02128,3,3,1514,562838
59166361,58 Myrtle St APT 1, Boston,MA,02114,1,1,455,466528
71497287,55 Devon St APT 6, Dorchester,MA,02121,2,2,689,264677
2097921592,75-77 Maywood St, Boston,MA,02119,0,0,0,Unavailable
2097921686,125 Grew Ave, Roslindale,MA,02131,3,2.5,1380,332117
59170604,280 Beacon St UNIT 65, Boston,MA,02116,2,2,1286,1351584
71546672,3 Avery St UNIT 503, Boston,MA,02111,1,2,966,703895
2097926331,1 Franklin St # 4702, Boston,MA,02110,3,5,3172,4222422
2097931746,225 Dorchester St UNIT 15, Boston,MA,02127,2,2.5,1534,953540
59101646,28 Park View St, Dorchester,MA,02121,10,6,3948,542460
2097928886,33 Middle St # 2, Boston,MA,02127,3,3,1850,894061
123848180,580 Washington St UNIT 1012, Boston,MA,02111,2,2,1166,1444293
59178900,416 Commonwealth Ave APT 103, Boston,MA,02215,4,4,2200,2319271
63530758,267 E St UNIT 3, South Boston,MA,02127,3,1,902,659865
59104715,9 Hamilton St, Dorchester,MA,02125,5,2,2800,484663
90141329,776 Boylston St UNIT E11F, Boston,MA,02199,2,2,1845,3417552
2115932107,80 Broad St, Boston,MA,02110,0,0,0,Unavailable
2119008945,2038 Dorchester Ave, Dorchester Center,MA,02124,5,3,3014,1125207
63041567,55 Mozart St UNIT 3, Boston,MA,02130,1,1,628,367643
59112259,64 Thetford Ave, Dorchester Center,MA,02124,8,4,3595,580124
2097950864,227 Brooks St # 2, East Boston,MA,02128,2,1,864,310084
59135129,255 Moss Hill Rd, Boston,MA,02130,3,3,2800,1220709
2097957977,1048 Saratoga St, Boston,MA,02128,7,3,3300,970977
102987878,400 Stuart St UNIT 17G, Boston,MA,02116,1,1,711,1082137
2097963712,80 Broad St PH 1403, Boston,MA,02110,2,2,1541,2040177
59151084,504 E Broadway, South Boston,MA,02127,4,3,3100,1332519
113390093,539 E 7th St UNIT 3, South Boston,MA,02127,3,2,1036,625206
2097972744,81 Beacon St # 2, Boston,MA,02108,4,3.5,3100,4146457
59133390,15 Cornwall St, Boston,MA,02130,5,3,2500,811870
59113534,152 Harvard St, Dorchester Center,MA,02124,8,3,4109,691159
2097975101,5 Gem Ave # 1, Boston,MA,02135,3,3,1501,861422
2097975105,3 Gem Ave # 1, Boston,MA,02135,3,3,1502,861773
59158564,30 Pheasant St, Boston,MA,02132,3,1,864,439399
2097975903,101 Baxter St # 05, Boston,MA,02127,2,2,1219,631721
59090976,43-45 S Waverly St, Roxbury,MA,02119,6,6,4677,1102241
59139249,23 Duke St, Boston,MA,02126,4,2,2200,435675
81856251,29 Gibson St APT 2L, Dorchester,MA,02122,1,1,726,321113
81856358,29 Gibson St APT 3R, Dorchester,MA,02122,1,1,726,321113
59106538,41 Norton St, Dorchester,MA,02125,9,3,3834,652355
2099063403,130 Delhi St, Mattapan,MA,02126,2,1,--,277122
59145517,5 Littledale St, Boston,MA,02131,3,2,1810,617293
71490007,882-884 E Broadway UNIT 1, Boston,MA,02127,2,2.5,1420,842668
2097981426,542 Dorchester Ave # 203, Boston,MA,02127,2,2,1100,643997
2097981874,234 Paris St, Boston,MA,02128,7,3,3075,763100
59127272,286 Fairmount Ave, Boston,MA,02136,3,2,1323,479243
2097982058,331 W 4th St # 0, Boston,MA,02127,3,3,1800,786887
102987673,334 Medford St UNIT 1, Charlestown,MA,02129,2,1,823,493184
59114109,8 Westcott St, Dorchester Center,MA,02124,7,2,2040,420800
2097983467,2 Tremont St # 4, Brighton,MA,02135,3,2.5,--,682695
2097983476,426 Marlborough St APT 6, Boston,MA,02115,7,6,3009,1970946
2097983814,99 D St, Boston,MA,02127,4,3,1960,1406677
2097984537,385 Hyde Park Ave, Roslindale,MA,02131,3,3,1466,423480
2097985373,57 Copeland St # 2, Boston,MA,02119,3,2,1091,425698
123845313,580 Washington St UNIT 1110, Boston,MA,02111,2,2,1308,1641492
2137909132,1411 Washington St APT 18, Boston,MA,02118,2,1,823,753912
59149485,11 Frederick St, Boston,MA,02127,1,1,753,551367
71546164,120 Mountfort St APT 204, Boston,MA,02215,2,2,1033,960971
67715698,165 Tremont St UNIT 503, Boston,MA,02111,2,2,1505,1976542
61319788,1 Avery St APT 30B, Boston,MA,02111,3,4.5,2667,4084718
59105402,5 Payson Ave, Dorchester,MA,02125,4,1,1499,307747
59121148,45 Lamson St, Boston,MA,02128,3,3,1444,645450
2097991994,1 Franklin St # 3810, Boston,MA,02110,2,3,1745,1933749
59187655,40 Mount Pleasant Ave, Roxbury,MA,02119,6,2,2462,546589
59152108,309 Emerson St APT 10, Boston,MA,02127,1,1,666,465209
59131362,44 Creighton St, Boston,MA,02130,3,2,1500,730610
59112956,34 Shepton St, Dorchester Center,MA,02124,6,2,1860,470448
2098001908,177 Commonwealth Ave, Boston,MA,02116,2,1,1100,1077077
2098003486,87 Forbes St, Boston,MA,02130,0,0,0,Unavailable
59118087,14 Avondale St, Dorchester Center,MA,02124,3,2,1768,436015
87793944,5 Sutton St APT 2B, Boston,MA,02126,3,1,835,236990
2098005823,242 W 5th St # 03, Boston,MA,02127,2,2,834,656779
2098005868,242 W 5th St # 2, Boston,MA,02127,2,2,750,657864
2098005952,242 W 5th St # 1, Boston,MA,02127,2,1,731,601993
59140805,64 Poydras St, Hyde Park,MA,02136,3,2,1200,396339
2098007440,0 Poydras St, Boston,MA,02136,0,0,0,Unavailable
59097173,97 Langley Rd, Boston,MA,02135,3,3,1469,689370
59176772,160 Commonwealth Ave APT 520, Boston,MA,02116,1,1,698,671740
59138020,117 Babson St, Boston,MA,02126,3,2,1647,354770
59123178,221 Paris St, Boston,MA,02128,3,1,934,339033
59158667,24 Vershire St, Boston,MA,02132,3,2,1359,408869
2098050836,45 Constellation Wharf # 45, Boston,MA,02129,3,4,2756,1929731
59124367,284 Princeton St, Boston,MA,02128,2,2,1025,401218
59212118,210 Lincoln St APT 203, Boston,MA,02111,1,2,1402,860272
59110608,42 Deckard St, Dorchester,MA,02121,8,3,4539,596554
59158995,48 Heron St, Boston,MA,02132,4,3,2064,850037
113389634,404 W 2nd St UNIT 4, South Boston,MA,02127,--,--,--,654772
87793663,76 Commonwealth Ave UNIT A, Boston,MA,02116,0,0,0,Unavailable
59126231,135 Windham Rd, Boston,MA,02136,3,2,1275,413765
59105108,547 Talbot Ave, Dorchester Center,MA,02124,5,3,2251,742945
59096689,36 Bellamy St, Boston,MA,02135,3,2,1715,668648
59110503,5 Claridge Ter, Dorchester Center,MA,02124,6,3,2653,512890
59115699,78 Hutchings St, Dorchester,MA,02121,7,3.5,4241,628459
59186014,37 Clifford St, Roxbury,MA,02119,8,4,4007,887515
67412716,12 Sunset Hill Path UNIT 2, West Roxbury,MA,02132,3,1,1136,457202
59183409,165 W Newton St, Boston,MA,02118,4,3,3673,3792597
102987528,45 Province St APT 2307, Boston,MA,02108,2,2,966,1501530
59096269,30 Brackett St, Boston,MA,02135,6,3,3780,1032249
61320050,9 Arlington St APT 2, Boston,MA,02116,3,3,2770,4086995
59102888,21 Ferndale St UNIT 2B, Dorchester Center,MA,02124,2,1,941,218229
67097740,56 Cedar St # 2, Boston,MA,02126,3,1,875,224699
2098094125,1 Melbourne St APT 8, Boston,MA,02124,2,1,604,203857
81854196,68 Norfolk St UNIT 2, Dorchester Center,MA,02124,3,1,1035,229743
2107638439,42 Winthrop St # 1, Boston,MA,02129,3,3,1710,1248684
59121826,456 Meridian St, Boston,MA,02128,8,2,2996,604799
59157667,914 Vfw Pkwy, Boston,MA,02132,4,2,2300,827688
123851330,45 Senator Bolling Cir, Dorchester Center,MA,02124,4,4,2495,599724
2098106473,914 Vfw Pkwy, West Roxbury,MA,02132,4,2,2400,808333
59122245,12 Ashley St, Boston,MA,02128,3,2,1132,542828
2098108734,2038 Dorchester Ave # 1, Boston,MA,02124,3,2,1600,528394
2098108778,185 Massachusetts Ave APT 803, Boston,MA,02115,2,2,1220,1197428
2098108788,14 Constellation Wharf UNIT 14, Boston,MA,02129,2,3.5,2516,1697899
